controle,contexto,erro_absoluto,limite,status
Ativo=Passivo+PL,2024-01 | Realizado,0.0,0.01,OK
FCO Direto=Indireto,2024-01 | Realizado,0.0,0.01,OK
Caixa Inicial+Fluxos=Final,2024-01 | Realizado,0.0,0.01,OK
Receita Líquida,2024-01 | Realizado,0.0,0.01,OK
Lucro Bruto,2024-01 | Realizado,0.0,0.01,OK
EBITDA,2024-01 | Realizado,0.0,0.01,OK
Lucro Líquido,2024-01 | Realizado,0.0,0.01,OK
FCL,2024-01 | Realizado,0.0,0.01,OK
NCG completa,2024-01 | Realizado,0.0,0.01,OK
Financiamento,2024-01 | Realizado,0.0,0.01,OK
Vendas × ReceitaBruta,2024-01 | Realizado,0.0,0.01,OK
Vendas × CMV,2024-01 | Realizado,0.0,0.01,OK
Despesas × Opex,2024-01 | Realizado,0.0,0.01,OK
Ativo=Passivo+PL,2024-02 | Realizado,0.0,0.01,OK
FCO Direto=Indireto,2024-02 | Realizado,5.093170329928398e-11,0.01,OK
Caixa Inicial+Fluxos=Final,2024-02 | Realizado,0.0,0.01,OK
Receita Líquida,2024-02 | Realizado,0.0,0.01,OK
Lucro Bruto,2024-02 | Realizado,0.0,0.01,OK
EBITDA,2024-02 | Realizado,0.0,0.01,OK
Lucro Líquido,2024-02 | Realizado,0.0,0.01,OK
FCL,2024-02 | Realizado,0.0,0.01,OK
NCG completa,2024-02 | Realizado,0.0,0.01,OK
Financiamento,2024-02 | Realizado,0.0,0.01,OK
Vendas × ReceitaBruta,2024-02 | Realizado,0.0,0.01,OK
Vendas × CMV,2024-02 | Realizado,0.0,0.01,OK
Despesas × Opex,2024-02 | Realizado,0.0,0.01,OK
Ativo=Passivo+PL,2024-03 | Realizado,0.0,0.01,OK
FCO Direto=Indireto,2024-03 | Realizado,2.9103830456733704e-11,0.01,OK
Caixa Inicial+Fluxos=Final,2024-03 | Realizado,0.0,0.01,OK
Receita Líquida,2024-03 | Realizado,0.0,0.01,OK
Lucro Bruto,2024-03 | Realizado,0.0,0.01,OK
EBITDA,2024-03 | Realizado,0.0,0.01,OK
Lucro Líquido,2024-03 | Realizado,0.0,0.01,OK
FCL,2024-03 | Realizado,0.0,0.01,OK
NCG completa,2024-03 | Realizado,0.0,0.01,OK
Financiamento,2024-03 | Realizado,0.0,0.01,OK
Vendas × ReceitaBruta,2024-03 | Realizado,0.0,0.01,OK
Vendas × CMV,2024-03 | Realizado,0.0,0.01,OK
Despesas × Opex,2024-03 | Realizado,2.9103830456733704e-11,0.01,OK
Ativo=Passivo+PL,2024-04 | Realizado,0.0,0.01,OK
FCO Direto=Indireto,2024-04 | Realizado,1.5279510989785194e-10,0.01,OK
Caixa Inicial+Fluxos=Final,2024-04 | Realizado,0.0,0.01,OK
Receita Líquida,2024-04 | Realizado,0.0,0.01,OK
Lucro Bruto,2024-04 | Realizado,0.0,0.01,OK
EBITDA,2024-04 | Realizado,0.0,0.01,OK
Lucro Líquido,2024-04 | Realizado,0.0,0.01,OK
FCL,2024-04 | Realizado,0.0,0.01,OK
NCG completa,2024-04 | Realizado,0.0,0.01,OK
Financiamento,2024-04 | Realizado,0.0,0.01,OK
Vendas × ReceitaBruta,2024-04 | Realizado,2.3283064365386963e-10,0.01,OK
Vendas × CMV,2024-04 | Realizado,0.0,0.01,OK
Despesas × Opex,2024-04 | Realizado,0.0,0.01,OK
Ativo=Passivo+PL,2024-05 | Realizado,0.0,0.01,OK
FCO Direto=Indireto,2024-05 | Realizado,8.731149137020111e-11,0.01,OK
Caixa Inicial+Fluxos=Final,2024-05 | Realizado,0.0,0.01,OK
Receita Líquida,2024-05 | Realizado,0.0,0.01,OK
Lucro Bruto,2024-05 | Realizado,0.0,0.01,OK
EBITDA,2024-05 | Realizado,0.0,0.01,OK
Lucro Líquido,2024-05 | Realizado,0.0,0.01,OK
FCL,2024-05 | Realizado,0.0,0.01,OK
NCG completa,2024-05 | Realizado,0.0,0.01,OK
Financiamento,2024-05 | Realizado,0.0,0.01,OK
Vendas × ReceitaBruta,2024-05 | Realizado,0.0,0.01,OK
Vendas × CMV,2024-05 | Realizado,0.0,0.01,OK
Despesas × Opex,2024-05 | Realizado,0.0,0.01,OK
Ativo=Passivo+PL,2024-06 | Realizado,0.0,0.01,OK
FCO Direto=Indireto,2024-06 | Realizado,9.094947017729282e-11,0.01,OK
Caixa Inicial+Fluxos=Final,2024-06 | Realizado,2.3283064365386963e-10,0.01,OK
Receita Líquida,2024-06 | Realizado,0.0,0.01,OK
Lucro Bruto,2024-06 | Realizado,0.0,0.01,OK
EBITDA,2024-06 | Realizado,0.0,0.01,OK
Lucro Líquido,2024-06 | Realizado,0.0,0.01,OK
FCL,2024-06 | Realizado,0.0,0.01,OK
NCG completa,2024-06 | Realizado,0.0,0.01,OK
Financiamento,2024-06 | Realizado,0.0,0.01,OK
Vendas × ReceitaBruta,2024-06 | Realizado,0.0,0.01,OK
Vendas × CMV,2024-06 | Realizado,0.0,0.01,OK
Despesas × Opex,2024-06 | Realizado,0.0,0.01,OK
Ativo=Passivo+PL,2024-07 | Realizado,9.313225746154785e-10,0.01,OK
FCO Direto=Indireto,2024-07 | Realizado,2.9103830456733704e-10,0.01,OK
Caixa Inicial+Fluxos=Final,2024-07 | Realizado,0.0,0.01,OK
Receita Líquida,2024-07 | Realizado,0.0,0.01,OK
Lucro Bruto,2024-07 | Realizado,0.0,0.01,OK
EBITDA,2024-07 | Realizado,0.0,0.01,OK
Lucro Líquido,2024-07 | Realizado,0.0,0.01,OK
FCL,2024-07 | Realizado,0.0,0.01,OK
NCG completa,2024-07 | Realizado,0.0,0.01,OK
Financiamento,2024-07 | Realizado,0.0,0.01,OK
Vendas × ReceitaBruta,2024-07 | Realizado,0.0,0.01,OK
Vendas × CMV,2024-07 | Realizado,0.0,0.01,OK
Despesas × Opex,2024-07 | Realizado,0.0,0.01,OK
Ativo=Passivo+PL,2024-08 | Realizado,9.313225746154785e-10,0.01,OK
FCO Direto=Indireto,2024-08 | Realizado,2.1827872842550278e-10,0.01,OK
Caixa Inicial+Fluxos=Final,2024-08 | Realizado,0.0,0.01,OK
Receita Líquida,2024-08 | Realizado,0.0,0.01,OK
Lucro Bruto,2024-08 | Realizado,0.0,0.01,OK
EBITDA,2024-08 | Realizado,0.0,0.01,OK
Lucro Líquido,2024-08 | Realizado,0.0,0.01,OK
FCL,2024-08 | Realizado,0.0,0.01,OK
NCG completa,2024-08 | Realizado,0.0,0.01,OK
Financiamento,2024-08 | Realizado,0.0,0.01,OK
Vendas × ReceitaBruta,2024-08 | Realizado,2.3283064365386963e-10,0.01,OK
Vendas × CMV,2024-08 | Realizado,0.0,0.01,OK
Despesas × Opex,2024-08 | Realizado,0.0,0.01,OK
Ativo=Passivo+PL,2024-09 | Realizado,0.0,0.01,OK
FCO Direto=Indireto,2024-09 | Realizado,3.2378011383116245e-10,0.01,OK
Caixa Inicial+Fluxos=Final,2024-09 | Realizado,0.0,0.01,OK
Receita Líquida,2024-09 | Realizado,0.0,0.01,OK
Lucro Bruto,2024-09 | Realizado,0.0,0.01,OK
EBITDA,2024-09 | Realizado,0.0,0.01,OK
Lucro Líquido,2024-09 | Realizado,0.0,0.01,OK
FCL,2024-09 | Realizado,0.0,0.01,OK
NCG completa,2024-09 | Realizado,0.0,0.01,OK
Financiamento,2024-09 | Realizado,0.0,0.01,OK
Vendas × ReceitaBruta,2024-09 | Realizado,0.0,0.01,OK
Vendas × CMV,2024-09 | Realizado,0.0,0.01,OK
Despesas × Opex,2024-09 | Realizado,2.9103830456733704e-11,0.01,OK
Ativo=Passivo+PL,2024-10 | Realizado,0.0,0.01,OK
FCO Direto=Indireto,2024-10 | Realizado,1.4551915228366852e-11,0.01,OK
Caixa Inicial+Fluxos=Final,2024-10 | Realizado,0.0,0.01,OK
Receita Líquida,2024-10 | Realizado,0.0,0.01,OK
Lucro Bruto,2024-10 | Realizado,0.0,0.01,OK
EBITDA,2024-10 | Realizado,0.0,0.01,OK
Lucro Líquido,2024-10 | Realizado,0.0,0.01,OK
FCL,2024-10 | Realizado,0.0,0.01,OK
NCG completa,2024-10 | Realizado,0.0,0.01,OK
Financiamento,2024-10 | Realizado,0.0,0.01,OK
Vendas × ReceitaBruta,2024-10 | Realizado,2.3283064365386963e-10,0.01,OK
Vendas × CMV,2024-10 | Realizado,0.0,0.01,OK
Despesas × Opex,2024-10 | Realizado,0.0,0.01,OK
Ativo=Passivo+PL,2024-11 | Realizado,9.313225746154785e-10,0.01,OK
FCO Direto=Indireto,2024-11 | Realizado,2.0372681319713593e-10,0.01,OK
Caixa Inicial+Fluxos=Final,2024-11 | Realizado,0.0,0.01,OK
Receita Líquida,2024-11 | Realizado,0.0,0.01,OK
Lucro Bruto,2024-11 | Realizado,0.0,0.01,OK
EBITDA,2024-11 | Realizado,0.0,0.01,OK
Lucro Líquido,2024-11 | Realizado,0.0,0.01,OK
FCL,2024-11 | Realizado,0.0,0.01,OK
NCG completa,2024-11 | Realizado,0.0,0.01,OK
Financiamento,2024-11 | Realizado,0.0,0.01,OK
Vendas × ReceitaBruta,2024-11 | Realizado,0.0,0.01,OK
Vendas × CMV,2024-11 | Realizado,0.0,0.01,OK
Despesas × Opex,2024-11 | Realizado,0.0,0.01,OK
Ativo=Passivo+PL,2024-12 | Realizado,0.0,0.01,OK
FCO Direto=Indireto,2024-12 | Realizado,5.238689482212067e-10,0.01,OK
Caixa Inicial+Fluxos=Final,2024-12 | Realizado,0.0,0.01,OK
Receita Líquida,2024-12 | Realizado,0.0,0.01,OK
Lucro Bruto,2024-12 | Realizado,0.0,0.01,OK
EBITDA,2024-12 | Realizado,0.0,0.01,OK
Lucro Líquido,2024-12 | Realizado,0.0,0.01,OK
FCL,2024-12 | Realizado,0.0,0.01,OK
NCG completa,2024-12 | Realizado,0.0,0.01,OK
Financiamento,2024-12 | Realizado,0.0,0.01,OK
Vendas × ReceitaBruta,2024-12 | Realizado,0.0,0.01,OK
Vendas × CMV,2024-12 | Realizado,0.0,0.01,OK
Despesas × Opex,2024-12 | Realizado,2.9103830456733704e-11,0.01,OK
Ativo=Passivo+PL,2025-01 | Realizado,9.313225746154785e-10,0.01,OK
FCO Direto=Indireto,2025-01 | Realizado,0.0,0.01,OK
Caixa Inicial+Fluxos=Final,2025-01 | Realizado,0.0,0.01,OK
Receita Líquida,2025-01 | Realizado,0.0,0.01,OK
Lucro Bruto,2025-01 | Realizado,0.0,0.01,OK
EBITDA,2025-01 | Realizado,0.0,0.01,OK
Lucro Líquido,2025-01 | Realizado,0.0,0.01,OK
FCL,2025-01 | Realizado,0.0,0.01,OK
NCG completa,2025-01 | Realizado,0.0,0.01,OK
Financiamento,2025-01 | Realizado,0.0,0.01,OK
Vendas × ReceitaBruta,2025-01 | Realizado,0.0,0.01,OK
Vendas × CMV,2025-01 | Realizado,1.1641532182693481e-10,0.01,OK
Despesas × Opex,2025-01 | Realizado,2.9103830456733704e-11,0.01,OK
Ativo=Passivo+PL,2025-02 | Realizado,0.0,0.01,OK
FCO Direto=Indireto,2025-02 | Realizado,1.5643308870494366e-10,0.01,OK
Caixa Inicial+Fluxos=Final,2025-02 | Realizado,0.0,0.01,OK
Receita Líquida,2025-02 | Realizado,0.0,0.01,OK
Lucro Bruto,2025-02 | Realizado,0.0,0.01,OK
EBITDA,2025-02 | Realizado,0.0,0.01,OK
Lucro Líquido,2025-02 | Realizado,0.0,0.01,OK
FCL,2025-02 | Realizado,0.0,0.01,OK
NCG completa,2025-02 | Realizado,0.0,0.01,OK
Financiamento,2025-02 | Realizado,0.0,0.01,OK
Vendas × ReceitaBruta,2025-02 | Realizado,0.0,0.01,OK
Vendas × CMV,2025-02 | Realizado,0.0,0.01,OK
Despesas × Opex,2025-02 | Realizado,0.0,0.01,OK
Ativo=Passivo+PL,2025-03 | Realizado,1.862645149230957e-09,0.01,OK
FCO Direto=Indireto,2025-03 | Realizado,0.0,0.01,OK
Caixa Inicial+Fluxos=Final,2025-03 | Realizado,0.0,0.01,OK
Receita Líquida,2025-03 | Realizado,0.0,0.01,OK
Lucro Bruto,2025-03 | Realizado,0.0,0.01,OK
EBITDA,2025-03 | Realizado,0.0,0.01,OK
Lucro Líquido,2025-03 | Realizado,0.0,0.01,OK
FCL,2025-03 | Realizado,0.0,0.01,OK
NCG completa,2025-03 | Realizado,0.0,0.01,OK
Financiamento,2025-03 | Realizado,0.0,0.01,OK
Vendas × ReceitaBruta,2025-03 | Realizado,0.0,0.01,OK
Vendas × CMV,2025-03 | Realizado,0.0,0.01,OK
Despesas × Opex,2025-03 | Realizado,0.0,0.01,OK
Ativo=Passivo+PL,2025-04 | Realizado,0.0,0.01,OK
FCO Direto=Indireto,2025-04 | Realizado,3.346940502524376e-10,0.01,OK
Caixa Inicial+Fluxos=Final,2025-04 | Realizado,0.0,0.01,OK
Receita Líquida,2025-04 | Realizado,0.0,0.01,OK
Lucro Bruto,2025-04 | Realizado,0.0,0.01,OK
EBITDA,2025-04 | Realizado,0.0,0.01,OK
Lucro Líquido,2025-04 | Realizado,0.0,0.01,OK
FCL,2025-04 | Realizado,0.0,0.01,OK
NCG completa,2025-04 | Realizado,0.0,0.01,OK
Financiamento,2025-04 | Realizado,0.0,0.01,OK
Vendas × ReceitaBruta,2025-04 | Realizado,0.0,0.01,OK
Vendas × CMV,2025-04 | Realizado,1.1641532182693481e-10,0.01,OK
Despesas × Opex,2025-04 | Realizado,0.0,0.01,OK
Ativo=Passivo+PL,2025-05 | Realizado,9.313225746154785e-10,0.01,OK
FCO Direto=Indireto,2025-05 | Realizado,2.9103830456733704e-10,0.01,OK
Caixa Inicial+Fluxos=Final,2025-05 | Realizado,0.0,0.01,OK
Receita Líquida,2025-05 | Realizado,0.0,0.01,OK
Lucro Bruto,2025-05 | Realizado,0.0,0.01,OK
EBITDA,2025-05 | Realizado,0.0,0.01,OK
Lucro Líquido,2025-05 | Realizado,0.0,0.01,OK
FCL,2025-05 | Realizado,0.0,0.01,OK
NCG completa,2025-05 | Realizado,0.0,0.01,OK
Financiamento,2025-05 | Realizado,0.0,0.01,OK
Vendas × ReceitaBruta,2025-05 | Realizado,0.0,0.01,OK
Vendas × CMV,2025-05 | Realizado,0.0,0.01,OK
Despesas × Opex,2025-05 | Realizado,0.0,0.01,OK
Ativo=Passivo+PL,2025-06 | Realizado,0.0,0.01,OK
FCO Direto=Indireto,2025-06 | Realizado,1.8917489796876907e-10,0.01,OK
Caixa Inicial+Fluxos=Final,2025-06 | Realizado,0.0,0.01,OK
Receita Líquida,2025-06 | Realizado,0.0,0.01,OK
Lucro Bruto,2025-06 | Realizado,0.0,0.01,OK
EBITDA,2025-06 | Realizado,0.0,0.01,OK
Lucro Líquido,2025-06 | Realizado,0.0,0.01,OK
FCL,2025-06 | Realizado,0.0,0.01,OK
NCG completa,2025-06 | Realizado,0.0,0.01,OK
Financiamento,2025-06 | Realizado,0.0,0.01,OK
Vendas × ReceitaBruta,2025-06 | Realizado,0.0,0.01,OK
Vendas × CMV,2025-06 | Realizado,0.0,0.01,OK
Despesas × Opex,2025-06 | Realizado,0.0,0.01,OK
Ativo=Passivo+PL,2025-07 | Realizado,0.0,0.01,OK
FCO Direto=Indireto,2025-07 | Realizado,1.7462298274040222e-10,0.01,OK
Caixa Inicial+Fluxos=Final,2025-07 | Realizado,0.0,0.01,OK
Receita Líquida,2025-07 | Realizado,0.0,0.01,OK
Lucro Bruto,2025-07 | Realizado,0.0,0.01,OK
EBITDA,2025-07 | Realizado,0.0,0.01,OK
Lucro Líquido,2025-07 | Realizado,0.0,0.01,OK
FCL,2025-07 | Realizado,0.0,0.01,OK
NCG completa,2025-07 | Realizado,0.0,0.01,OK
Financiamento,2025-07 | Realizado,0.0,0.01,OK
Vendas × ReceitaBruta,2025-07 | Realizado,0.0,0.01,OK
Vendas × CMV,2025-07 | Realizado,0.0,0.01,OK
Despesas × Opex,2025-07 | Realizado,0.0,0.01,OK
Ativo=Passivo+PL,2025-08 | Realizado,0.0,0.01,OK
FCO Direto=Indireto,2025-08 | Realizado,2.6193447411060333e-10,0.01,OK
Caixa Inicial+Fluxos=Final,2025-08 | Realizado,0.0,0.01,OK
Receita Líquida,2025-08 | Realizado,0.0,0.01,OK
Lucro Bruto,2025-08 | Realizado,0.0,0.01,OK
EBITDA,2025-08 | Realizado,0.0,0.01,OK
Lucro Líquido,2025-08 | Realizado,0.0,0.01,OK
FCL,2025-08 | Realizado,0.0,0.01,OK
NCG completa,2025-08 | Realizado,0.0,0.01,OK
Financiamento,2025-08 | Realizado,0.0,0.01,OK
Vendas × ReceitaBruta,2025-08 | Realizado,0.0,0.01,OK
Vendas × CMV,2025-08 | Realizado,0.0,0.01,OK
Despesas × Opex,2025-08 | Realizado,0.0,0.01,OK
Ativo=Passivo+PL,2025-09 | Realizado,0.0,0.01,OK
FCO Direto=Indireto,2025-09 | Realizado,2.6193447411060333e-10,0.01,OK
Caixa Inicial+Fluxos=Final,2025-09 | Realizado,0.0,0.01,OK
Receita Líquida,2025-09 | Realizado,0.0,0.01,OK
Lucro Bruto,2025-09 | Realizado,0.0,0.01,OK
EBITDA,2025-09 | Realizado,0.0,0.01,OK
Lucro Líquido,2025-09 | Realizado,0.0,0.01,OK
FCL,2025-09 | Realizado,0.0,0.01,OK
NCG completa,2025-09 | Realizado,0.0,0.01,OK
Financiamento,2025-09 | Realizado,0.0,0.01,OK
Vendas × ReceitaBruta,2025-09 | Realizado,0.0,0.01,OK
Vendas × CMV,2025-09 | Realizado,0.0,0.01,OK
Despesas × Opex,2025-09 | Realizado,0.0,0.01,OK
Ativo=Passivo+PL,2025-10 | Realizado,9.313225746154785e-10,0.01,OK
FCO Direto=Indireto,2025-10 | Realizado,2.3283064365386963e-10,0.01,OK
Caixa Inicial+Fluxos=Final,2025-10 | Realizado,0.0,0.01,OK
Receita Líquida,2025-10 | Realizado,0.0,0.01,OK
Lucro Bruto,2025-10 | Realizado,0.0,0.01,OK
EBITDA,2025-10 | Realizado,0.0,0.01,OK
Lucro Líquido,2025-10 | Realizado,0.0,0.01,OK
FCL,2025-10 | Realizado,0.0,0.01,OK
NCG completa,2025-10 | Realizado,0.0,0.01,OK
Financiamento,2025-10 | Realizado,0.0,0.01,OK
Vendas × ReceitaBruta,2025-10 | Realizado,2.3283064365386963e-10,0.01,OK
Vendas × CMV,2025-10 | Realizado,2.3283064365386963e-10,0.01,OK
Despesas × Opex,2025-10 | Realizado,2.9103830456733704e-11,0.01,OK
Ativo=Passivo+PL,2025-11 | Realizado,0.0,0.01,OK
FCO Direto=Indireto,2025-11 | Realizado,2.3283064365386963e-10,0.01,OK
Caixa Inicial+Fluxos=Final,2025-11 | Realizado,0.0,0.01,OK
Receita Líquida,2025-11 | Realizado,0.0,0.01,OK
Lucro Bruto,2025-11 | Realizado,0.0,0.01,OK
EBITDA,2025-11 | Realizado,0.0,0.01,OK
Lucro Líquido,2025-11 | Realizado,0.0,0.01,OK
FCL,2025-11 | Realizado,0.0,0.01,OK
NCG completa,2025-11 | Realizado,0.0,0.01,OK
Financiamento,2025-11 | Realizado,0.0,0.01,OK
Vendas × ReceitaBruta,2025-11 | Realizado,0.0,0.01,OK
Vendas × CMV,2025-11 | Realizado,0.0,0.01,OK
Despesas × Opex,2025-11 | Realizado,0.0,0.01,OK
Ativo=Passivo+PL,2025-12 | Realizado,9.313225746154785e-10,0.01,OK
FCO Direto=Indireto,2025-12 | Realizado,5.820766091346741e-10,0.01,OK
Caixa Inicial+Fluxos=Final,2025-12 | Realizado,0.0,0.01,OK
Receita Líquida,2025-12 | Realizado,0.0,0.01,OK
Lucro Bruto,2025-12 | Realizado,0.0,0.01,OK
EBITDA,2025-12 | Realizado,0.0,0.01,OK
Lucro Líquido,2025-12 | Realizado,0.0,0.01,OK
FCL,2025-12 | Realizado,0.0,0.01,OK
NCG completa,2025-12 | Realizado,0.0,0.01,OK
Financiamento,2025-12 | Realizado,0.0,0.01,OK
Vendas × ReceitaBruta,2025-12 | Realizado,0.0,0.01,OK
Vendas × CMV,2025-12 | Realizado,0.0,0.01,OK
Despesas × Opex,2025-12 | Realizado,0.0,0.01,OK
Ativo=Passivo+PL,2024-01 | Orçamento,0.0,0.01,OK
FCO Direto=Indireto,2024-01 | Orçamento,0.0,0.01,OK
Caixa Inicial+Fluxos=Final,2024-01 | Orçamento,0.0,0.01,OK
Receita Líquida,2024-01 | Orçamento,0.0,0.01,OK
Lucro Bruto,2024-01 | Orçamento,0.0,0.01,OK
EBITDA,2024-01 | Orçamento,0.0,0.01,OK
Lucro Líquido,2024-01 | Orçamento,0.0,0.01,OK
FCL,2024-01 | Orçamento,0.0,0.01,OK
NCG completa,2024-01 | Orçamento,0.0,0.01,OK
Financiamento,2024-01 | Orçamento,0.0,0.01,OK
Ativo=Passivo+PL,2024-02 | Orçamento,0.0,0.01,OK
FCO Direto=Indireto,2024-02 | Orçamento,0.0,0.01,OK
Caixa Inicial+Fluxos=Final,2024-02 | Orçamento,0.0,0.01,OK
Receita Líquida,2024-02 | Orçamento,0.0,0.01,OK
Lucro Bruto,2024-02 | Orçamento,0.0,0.01,OK
EBITDA,2024-02 | Orçamento,0.0,0.01,OK
Lucro Líquido,2024-02 | Orçamento,0.0,0.01,OK
FCL,2024-02 | Orçamento,0.0,0.01,OK
NCG completa,2024-02 | Orçamento,0.0,0.01,OK
Financiamento,2024-02 | Orçamento,0.0,0.01,OK
Ativo=Passivo+PL,2024-03 | Orçamento,0.0,0.01,OK
FCO Direto=Indireto,2024-03 | Orçamento,2.6193447411060333e-10,0.01,OK
Caixa Inicial+Fluxos=Final,2024-03 | Orçamento,0.0,0.01,OK
Receita Líquida,2024-03 | Orçamento,0.0,0.01,OK
Lucro Bruto,2024-03 | Orçamento,0.0,0.01,OK
EBITDA,2024-03 | Orçamento,0.0,0.01,OK
Lucro Líquido,2024-03 | Orçamento,0.0,0.01,OK
FCL,2024-03 | Orçamento,0.0,0.01,OK
NCG completa,2024-03 | Orçamento,0.0,0.01,OK
Financiamento,2024-03 | Orçamento,0.0,0.01,OK
Ativo=Passivo+PL,2024-04 | Orçamento,0.0,0.01,OK
FCO Direto=Indireto,2024-04 | Orçamento,0.0,0.01,OK
Caixa Inicial+Fluxos=Final,2024-04 | Orçamento,0.0,0.01,OK
Receita Líquida,2024-04 | Orçamento,0.0,0.01,OK
Lucro Bruto,2024-04 | Orçamento,0.0,0.01,OK
EBITDA,2024-04 | Orçamento,0.0,0.01,OK
Lucro Líquido,2024-04 | Orçamento,0.0,0.01,OK
FCL,2024-04 | Orçamento,0.0,0.01,OK
NCG completa,2024-04 | Orçamento,0.0,0.01,OK
Financiamento,2024-04 | Orçamento,0.0,0.01,OK
Ativo=Passivo+PL,2024-05 | Orçamento,0.0,0.01,OK
FCO Direto=Indireto,2024-05 | Orçamento,1.2005330063402653e-10,0.01,OK
Caixa Inicial+Fluxos=Final,2024-05 | Orçamento,0.0,0.01,OK
Receita Líquida,2024-05 | Orçamento,0.0,0.01,OK
Lucro Bruto,2024-05 | Orçamento,0.0,0.01,OK
EBITDA,2024-05 | Orçamento,0.0,0.01,OK
Lucro Líquido,2024-05 | Orçamento,0.0,0.01,OK
FCL,2024-05 | Orçamento,0.0,0.01,OK
NCG completa,2024-05 | Orçamento,0.0,0.01,OK
Financiamento,2024-05 | Orçamento,0.0,0.01,OK
Ativo=Passivo+PL,2024-06 | Orçamento,0.0,0.01,OK
FCO Direto=Indireto,2024-06 | Orçamento,2.3283064365386963e-10,0.01,OK
Caixa Inicial+Fluxos=Final,2024-06 | Orçamento,0.0,0.01,OK
Receita Líquida,2024-06 | Orçamento,0.0,0.01,OK
Lucro Bruto,2024-06 | Orçamento,0.0,0.01,OK
EBITDA,2024-06 | Orçamento,0.0,0.01,OK
Lucro Líquido,2024-06 | Orçamento,0.0,0.01,OK
FCL,2024-06 | Orçamento,0.0,0.01,OK
NCG completa,2024-06 | Orçamento,0.0,0.01,OK
Financiamento,2024-06 | Orçamento,0.0,0.01,OK
Ativo=Passivo+PL,2024-07 | Orçamento,0.0,0.01,OK
FCO Direto=Indireto,2024-07 | Orçamento,2.0372681319713593e-10,0.01,OK
Caixa Inicial+Fluxos=Final,2024-07 | Orçamento,0.0,0.01,OK
Receita Líquida,2024-07 | Orçamento,0.0,0.01,OK
Lucro Bruto,2024-07 | Orçamento,0.0,0.01,OK
EBITDA,2024-07 | Orçamento,0.0,0.01,OK
Lucro Líquido,2024-07 | Orçamento,0.0,0.01,OK
FCL,2024-07 | Orçamento,0.0,0.01,OK
NCG completa,2024-07 | Orçamento,0.0,0.01,OK
Financiamento,2024-07 | Orçamento,0.0,0.01,OK
Ativo=Passivo+PL,2024-08 | Orçamento,0.0,0.01,OK
FCO Direto=Indireto,2024-08 | Orçamento,4.3655745685100555e-10,0.01,OK
Caixa Inicial+Fluxos=Final,2024-08 | Orçamento,0.0,0.01,OK
Receita Líquida,2024-08 | Orçamento,0.0,0.01,OK
Lucro Bruto,2024-08 | Orçamento,0.0,0.01,OK
EBITDA,2024-08 | Orçamento,0.0,0.01,OK
Lucro Líquido,2024-08 | Orçamento,0.0,0.01,OK
FCL,2024-08 | Orçamento,0.0,0.01,OK
NCG completa,2024-08 | Orçamento,0.0,0.01,OK
Financiamento,2024-08 | Orçamento,0.0,0.01,OK
Ativo=Passivo+PL,2024-09 | Orçamento,0.0,0.01,OK
FCO Direto=Indireto,2024-09 | Orçamento,1.2369127944111824e-10,0.01,OK
Caixa Inicial+Fluxos=Final,2024-09 | Orçamento,0.0,0.01,OK
Receita Líquida,2024-09 | Orçamento,0.0,0.01,OK
Lucro Bruto,2024-09 | Orçamento,0.0,0.01,OK
EBITDA,2024-09 | Orçamento,0.0,0.01,OK
Lucro Líquido,2024-09 | Orçamento,0.0,0.01,OK
FCL,2024-09 | Orçamento,0.0,0.01,OK
NCG completa,2024-09 | Orçamento,0.0,0.01,OK
Financiamento,2024-09 | Orçamento,0.0,0.01,OK
Ativo=Passivo+PL,2024-10 | Orçamento,0.0,0.01,OK
FCO Direto=Indireto,2024-10 | Orçamento,2.510205376893282e-10,0.01,OK
Caixa Inicial+Fluxos=Final,2024-10 | Orçamento,2.3283064365386963e-10,0.01,OK
Receita Líquida,2024-10 | Orçamento,0.0,0.01,OK
Lucro Bruto,2024-10 | Orçamento,0.0,0.01,OK
EBITDA,2024-10 | Orçamento,0.0,0.01,OK
Lucro Líquido,2024-10 | Orçamento,0.0,0.01,OK
FCL,2024-10 | Orçamento,0.0,0.01,OK
NCG completa,2024-10 | Orçamento,0.0,0.01,OK
Financiamento,2024-10 | Orçamento,0.0,0.01,OK
Ativo=Passivo+PL,2024-11 | Orçamento,0.0,0.01,OK
FCO Direto=Indireto,2024-11 | Orçamento,2.6193447411060333e-10,0.01,OK
Caixa Inicial+Fluxos=Final,2024-11 | Orçamento,0.0,0.01,OK
Receita Líquida,2024-11 | Orçamento,0.0,0.01,OK
Lucro Bruto,2024-11 | Orçamento,0.0,0.01,OK
EBITDA,2024-11 | Orçamento,0.0,0.01,OK
Lucro Líquido,2024-11 | Orçamento,0.0,0.01,OK
FCL,2024-11 | Orçamento,0.0,0.01,OK
NCG completa,2024-11 | Orçamento,0.0,0.01,OK
Financiamento,2024-11 | Orçamento,0.0,0.01,OK
Ativo=Passivo+PL,2024-12 | Orçamento,9.313225746154785e-10,0.01,OK
FCO Direto=Indireto,2024-12 | Orçamento,5.820766091346741e-11,0.01,OK
Caixa Inicial+Fluxos=Final,2024-12 | Orçamento,2.3283064365386963e-10,0.01,OK
Receita Líquida,2024-12 | Orçamento,0.0,0.01,OK
Lucro Bruto,2024-12 | Orçamento,0.0,0.01,OK
EBITDA,2024-12 | Orçamento,0.0,0.01,OK
Lucro Líquido,2024-12 | Orçamento,0.0,0.01,OK
FCL,2024-12 | Orçamento,0.0,0.01,OK
NCG completa,2024-12 | Orçamento,0.0,0.01,OK
Financiamento,2024-12 | Orçamento,0.0,0.01,OK
Ativo=Passivo+PL,2025-01 | Orçamento,9.313225746154785e-10,0.01,OK
FCO Direto=Indireto,2025-01 | Orçamento,0.0,0.01,OK
Caixa Inicial+Fluxos=Final,2025-01 | Orçamento,0.0,0.01,OK
Receita Líquida,2025-01 | Orçamento,0.0,0.01,OK
Lucro Bruto,2025-01 | Orçamento,0.0,0.01,OK
EBITDA,2025-01 | Orçamento,0.0,0.01,OK
Lucro Líquido,2025-01 | Orçamento,0.0,0.01,OK
FCL,2025-01 | Orçamento,0.0,0.01,OK
NCG completa,2025-01 | Orçamento,0.0,0.01,OK
Financiamento,2025-01 | Orçamento,0.0,0.01,OK
Ativo=Passivo+PL,2025-02 | Orçamento,0.0,0.01,OK
FCO Direto=Indireto,2025-02 | Orçamento,1.291482476517558e-10,0.01,OK
Caixa Inicial+Fluxos=Final,2025-02 | Orçamento,0.0,0.01,OK
Receita Líquida,2025-02 | Orçamento,0.0,0.01,OK
Lucro Bruto,2025-02 | Orçamento,0.0,0.01,OK
EBITDA,2025-02 | Orçamento,0.0,0.01,OK
Lucro Líquido,2025-02 | Orçamento,0.0,0.01,OK
FCL,2025-02 | Orçamento,0.0,0.01,OK
NCG completa,2025-02 | Orçamento,0.0,0.01,OK
Financiamento,2025-02 | Orçamento,0.0,0.01,OK
Ativo=Passivo+PL,2025-03 | Orçamento,0.0,0.01,OK
FCO Direto=Indireto,2025-03 | Orçamento,2.0372681319713593e-10,0.01,OK
Caixa Inicial+Fluxos=Final,2025-03 | Orçamento,0.0,0.01,OK
Receita Líquida,2025-03 | Orçamento,0.0,0.01,OK
Lucro Bruto,2025-03 | Orçamento,0.0,0.01,OK
EBITDA,2025-03 | Orçamento,0.0,0.01,OK
Lucro Líquido,2025-03 | Orçamento,0.0,0.01,OK
FCL,2025-03 | Orçamento,0.0,0.01,OK
NCG completa,2025-03 | Orçamento,0.0,0.01,OK
Financiamento,2025-03 | Orçamento,0.0,0.01,OK
Ativo=Passivo+PL,2025-04 | Orçamento,0.0,0.01,OK
FCO Direto=Indireto,2025-04 | Orçamento,1.1641532182693481e-10,0.01,OK
Caixa Inicial+Fluxos=Final,2025-04 | Orçamento,0.0,0.01,OK
Receita Líquida,2025-04 | Orçamento,0.0,0.01,OK
Lucro Bruto,2025-04 | Orçamento,0.0,0.01,OK
EBITDA,2025-04 | Orçamento,0.0,0.01,OK
Lucro Líquido,2025-04 | Orçamento,0.0,0.01,OK
FCL,2025-04 | Orçamento,0.0,0.01,OK
NCG completa,2025-04 | Orçamento,0.0,0.01,OK
Financiamento,2025-04 | Orçamento,0.0,0.01,OK
Ativo=Passivo+PL,2025-05 | Orçamento,9.313225746154785e-10,0.01,OK
FCO Direto=Indireto,2025-05 | Orçamento,1.2369127944111824e-10,0.01,OK
Caixa Inicial+Fluxos=Final,2025-05 | Orçamento,0.0,0.01,OK
Receita Líquida,2025-05 | Orçamento,0.0,0.01,OK
Lucro Bruto,2025-05 | Orçamento,0.0,0.01,OK
EBITDA,2025-05 | Orçamento,0.0,0.01,OK
Lucro Líquido,2025-05 | Orçamento,0.0,0.01,OK
FCL,2025-05 | Orçamento,0.0,0.01,OK
NCG completa,2025-05 | Orçamento,0.0,0.01,OK
Financiamento,2025-05 | Orçamento,0.0,0.01,OK
Ativo=Passivo+PL,2025-06 | Orçamento,0.0,0.01,OK
FCO Direto=Indireto,2025-06 | Orçamento,1.6007106751203537e-10,0.01,OK
Caixa Inicial+Fluxos=Final,2025-06 | Orçamento,0.0,0.01,OK
Receita Líquida,2025-06 | Orçamento,0.0,0.01,OK
Lucro Bruto,2025-06 | Orçamento,0.0,0.01,OK
EBITDA,2025-06 | Orçamento,0.0,0.01,OK
Lucro Líquido,2025-06 | Orçamento,0.0,0.01,OK
FCL,2025-06 | Orçamento,0.0,0.01,OK
NCG completa,2025-06 | Orçamento,0.0,0.01,OK
Financiamento,2025-06 | Orçamento,0.0,0.01,OK
Ativo=Passivo+PL,2025-07 | Orçamento,0.0,0.01,OK
FCO Direto=Indireto,2025-07 | Orçamento,1.7462298274040222e-10,0.01,OK
Caixa Inicial+Fluxos=Final,2025-07 | Orçamento,0.0,0.01,OK
Receita Líquida,2025-07 | Orçamento,0.0,0.01,OK
Lucro Bruto,2025-07 | Orçamento,0.0,0.01,OK
EBITDA,2025-07 | Orçamento,0.0,0.01,OK
Lucro Líquido,2025-07 | Orçamento,0.0,0.01,OK
FCL,2025-07 | Orçamento,0.0,0.01,OK
NCG completa,2025-07 | Orçamento,0.0,0.01,OK
Financiamento,2025-07 | Orçamento,0.0,0.01,OK
Ativo=Passivo+PL,2025-08 | Orçamento,9.313225746154785e-10,0.01,OK
FCO Direto=Indireto,2025-08 | Orçamento,8.731149137020111e-11,0.01,OK
Caixa Inicial+Fluxos=Final,2025-08 | Orçamento,0.0,0.01,OK
Receita Líquida,2025-08 | Orçamento,0.0,0.01,OK
Lucro Bruto,2025-08 | Orçamento,0.0,0.01,OK
EBITDA,2025-08 | Orçamento,0.0,0.01,OK
Lucro Líquido,2025-08 | Orçamento,0.0,0.01,OK
FCL,2025-08 | Orçamento,0.0,0.01,OK
NCG completa,2025-08 | Orçamento,0.0,0.01,OK
Financiamento,2025-08 | Orçamento,0.0,0.01,OK
Ativo=Passivo+PL,2025-09 | Orçamento,0.0,0.01,OK
FCO Direto=Indireto,2025-09 | Orçamento,2.0372681319713593e-10,0.01,OK
Caixa Inicial+Fluxos=Final,2025-09 | Orçamento,0.0,0.01,OK
Receita Líquida,2025-09 | Orçamento,0.0,0.01,OK
Lucro Bruto,2025-09 | Orçamento,0.0,0.01,OK
EBITDA,2025-09 | Orçamento,0.0,0.01,OK
Lucro Líquido,2025-09 | Orçamento,0.0,0.01,OK
FCL,2025-09 | Orçamento,0.0,0.01,OK
NCG completa,2025-09 | Orçamento,0.0,0.01,OK
Financiamento,2025-09 | Orçamento,0.0,0.01,OK
Ativo=Passivo+PL,2025-10 | Orçamento,9.313225746154785e-10,0.01,OK
FCO Direto=Indireto,2025-10 | Orçamento,8.731149137020111e-11,0.01,OK
Caixa Inicial+Fluxos=Final,2025-10 | Orçamento,0.0,0.01,OK
Receita Líquida,2025-10 | Orçamento,0.0,0.01,OK
Lucro Bruto,2025-10 | Orçamento,0.0,0.01,OK
EBITDA,2025-10 | Orçamento,0.0,0.01,OK
Lucro Líquido,2025-10 | Orçamento,0.0,0.01,OK
FCL,2025-10 | Orçamento,0.0,0.01,OK
NCG completa,2025-10 | Orçamento,0.0,0.01,OK
Financiamento,2025-10 | Orçamento,0.0,0.01,OK
Ativo=Passivo+PL,2025-11 | Orçamento,9.313225746154785e-10,0.01,OK
FCO Direto=Indireto,2025-11 | Orçamento,1.7462298274040222e-10,0.01,OK
Caixa Inicial+Fluxos=Final,2025-11 | Orçamento,0.0,0.01,OK
Receita Líquida,2025-11 | Orçamento,0.0,0.01,OK
Lucro Bruto,2025-11 | Orçamento,0.0,0.01,OK
EBITDA,2025-11 | Orçamento,0.0,0.01,OK
Lucro Líquido,2025-11 | Orçamento,0.0,0.01,OK
FCL,2025-11 | Orçamento,0.0,0.01,OK
NCG completa,2025-11 | Orçamento,0.0,0.01,OK
Financiamento,2025-11 | Orçamento,0.0,0.01,OK
Ativo=Passivo+PL,2025-12 | Orçamento,9.313225746154785e-10,0.01,OK
FCO Direto=Indireto,2025-12 | Orçamento,1.1641532182693481e-10,0.01,OK
Caixa Inicial+Fluxos=Final,2025-12 | Orçamento,0.0,0.01,OK
Receita Líquida,2025-12 | Orçamento,0.0,0.01,OK
Lucro Bruto,2025-12 | Orçamento,0.0,0.01,OK
EBITDA,2025-12 | Orçamento,0.0,0.01,OK
Lucro Líquido,2025-12 | Orçamento,0.0,0.01,OK
FCL,2025-12 | Orçamento,0.0,0.01,OK
NCG completa,2025-12 | Orçamento,0.0,0.01,OK
Financiamento,2025-12 | Orçamento,0.0,0.01,OK
Ativo=Passivo+PL,2025-01 | Forecast 6+6,9.313225746154785e-10,0.01,OK
FCO Direto=Indireto,2025-01 | Forecast 6+6,0.0,0.01,OK
Caixa Inicial+Fluxos=Final,2025-01 | Forecast 6+6,0.0,0.01,OK
Receita Líquida,2025-01 | Forecast 6+6,0.0,0.01,OK
Lucro Bruto,2025-01 | Forecast 6+6,0.0,0.01,OK
EBITDA,2025-01 | Forecast 6+6,0.0,0.01,OK
Lucro Líquido,2025-01 | Forecast 6+6,0.0,0.01,OK
FCL,2025-01 | Forecast 6+6,0.0,0.01,OK
NCG completa,2025-01 | Forecast 6+6,0.0,0.01,OK
Financiamento,2025-01 | Forecast 6+6,0.0,0.01,OK
Forecast H1 × Realizado,2025-01 | Forecast 6+6 | ReceitaBruta,0.0,0.01,OK
Forecast H1 × Realizado,2025-01 | Forecast 6+6 | Deducoes,0.0,0.01,OK
Forecast H1 × Realizado,2025-01 | Forecast 6+6 | ReceitaLiquida,0.0,0.01,OK
Forecast H1 × Realizado,2025-01 | Forecast 6+6 | CMV,0.0,0.01,OK
Forecast H1 × Realizado,2025-01 | Forecast 6+6 | LucroBruto,0.0,0.01,OK
Forecast H1 × Realizado,2025-01 | Forecast 6+6 | Pessoal,0.0,0.01,OK
Forecast H1 × Realizado,2025-01 | Forecast 6+6 | Comercial,0.0,0.01,OK
Forecast H1 × Realizado,2025-01 | Forecast 6+6 | Administrativo,0.0,0.01,OK
Forecast H1 × Realizado,2025-01 | Forecast 6+6 | Tecnologia,0.0,0.01,OK
Forecast H1 × Realizado,2025-01 | Forecast 6+6 | Logistica,0.0,0.01,OK
Forecast H1 × Realizado,2025-01 | Forecast 6+6 | Opex,0.0,0.01,OK
Forecast H1 × Realizado,2025-01 | Forecast 6+6 | EBITDA,0.0,0.01,OK
Forecast H1 × Realizado,2025-01 | Forecast 6+6 | Depreciacao,0.0,0.01,OK
Forecast H1 × Realizado,2025-01 | Forecast 6+6 | EBIT,0.0,0.01,OK
Forecast H1 × Realizado,2025-01 | Forecast 6+6 | Juros,0.0,0.01,OK
Forecast H1 × Realizado,2025-01 | Forecast 6+6 | LAIR,0.0,0.01,OK
Forecast H1 × Realizado,2025-01 | Forecast 6+6 | IRSimulado,0.0,0.01,OK
Forecast H1 × Realizado,2025-01 | Forecast 6+6 | LucroLiquido,0.0,0.01,OK
Forecast H1 × Realizado,2025-01 | Forecast 6+6 | Clientes,0.0,0.01,OK
Forecast H1 × Realizado,2025-01 | Forecast 6+6 | Estoque,0.0,0.01,OK
Forecast H1 × Realizado,2025-01 | Forecast 6+6 | Compras,0.0,0.01,OK
Forecast H1 × Realizado,2025-01 | Forecast 6+6 | Fornecedores,0.0,0.01,OK
Forecast H1 × Realizado,2025-01 | Forecast 6+6 | SalariosPagar,0.0,0.01,OK
Forecast H1 × Realizado,2025-01 | Forecast 6+6 | TributosVendaPagar,0.0,0.01,OK
Forecast H1 × Realizado,2025-01 | Forecast 6+6 | IRPagar,0.0,0.01,OK
Forecast H1 × Realizado,2025-01 | Forecast 6+6 | Capex,0.0,0.01,OK
Forecast H1 × Realizado,2025-01 | Forecast 6+6 | ImobilizadoBruto,0.0,0.01,OK
Forecast H1 × Realizado,2025-01 | Forecast 6+6 | DepAcumulada,0.0,0.01,OK
Forecast H1 × Realizado,2025-01 | Forecast 6+6 | Captacao,0.0,0.01,OK
Forecast H1 × Realizado,2025-01 | Forecast 6+6 | Amortizacao,0.0,0.01,OK
Forecast H1 × Realizado,2025-01 | Forecast 6+6 | Divida,0.0,0.01,OK
Forecast H1 × Realizado,2025-01 | Forecast 6+6 | Dividendos,0.0,0.01,OK
Forecast H1 × Realizado,2025-01 | Forecast 6+6 | Capital,0.0,0.01,OK
Forecast H1 × Realizado,2025-01 | Forecast 6+6 | LucrosAcumulados,0.0,0.01,OK
Forecast H1 × Realizado,2025-01 | Forecast 6+6 | Recebimentos,0.0,0.01,OK
Forecast H1 × Realizado,2025-01 | Forecast 6+6 | PagFornecedores,0.0,0.01,OK
Forecast H1 × Realizado,2025-01 | Forecast 6+6 | PagOpex,0.0,0.01,OK
Forecast H1 × Realizado,2025-01 | Forecast 6+6 | PagTributosVenda,0.0,0.01,OK
Forecast H1 × Realizado,2025-01 | Forecast 6+6 | PagIR,0.0,0.01,OK
Forecast H1 × Realizado,2025-01 | Forecast 6+6 | FCO_Direto,0.0,0.01,OK
Forecast H1 × Realizado,2025-01 | Forecast 6+6 | FCO_Indireto,0.0,0.01,OK
Forecast H1 × Realizado,2025-01 | Forecast 6+6 | FCI,0.0,0.01,OK
Forecast H1 × Realizado,2025-01 | Forecast 6+6 | FCF,0.0,0.01,OK
Forecast H1 × Realizado,2025-01 | Forecast 6+6 | VariacaoCaixa,0.0,0.01,OK
Forecast H1 × Realizado,2025-01 | Forecast 6+6 | CaixaInicial,0.0,0.01,OK
Forecast H1 × Realizado,2025-01 | Forecast 6+6 | CaixaFinal,0.0,0.01,OK
Forecast H1 × Realizado,2025-01 | Forecast 6+6 | Ativo,0.0,0.01,OK
Forecast H1 × Realizado,2025-01 | Forecast 6+6 | Passivo,0.0,0.01,OK
Forecast H1 × Realizado,2025-01 | Forecast 6+6 | PL,0.0,0.01,OK
Forecast H1 × Realizado,2025-01 | Forecast 6+6 | CheckBP,0.0,0.01,OK
Forecast H1 × Realizado,2025-01 | Forecast 6+6 | CheckDFC,0.0,0.01,OK
Forecast H1 × Realizado,2025-01 | Forecast 6+6 | DSO,0.0,0.01,OK
Forecast H1 × Realizado,2025-01 | Forecast 6+6 | DIO,0.0,0.01,OK
Forecast H1 × Realizado,2025-01 | Forecast 6+6 | DPO,0.0,0.01,OK
Forecast H1 × Realizado,2025-01 | Forecast 6+6 | TaxaVenda,0.0,0.01,OK
Forecast H1 × Realizado,2025-01 | Forecast 6+6 | TaxaIR,0.0,0.01,OK
Forecast H1 × Realizado,2025-01 | Forecast 6+6 | TaxaJuros,0.0,0.01,OK
Forecast H1 × Realizado,2025-01 | Forecast 6+6 | TaxaDep,0.0,0.01,OK
Forecast H1 × Realizado,2025-01 | Forecast 6+6 | MargemEBITDA,0.0,0.01,OK
Forecast H1 × Realizado,2025-01 | Forecast 6+6 | MargemLiquida,0.0,0.01,OK
Forecast H1 × Realizado,2025-01 | Forecast 6+6 | FC_Livre,0.0,0.01,OK
Forecast H1 × Realizado,2025-01 | Forecast 6+6 | NCG,0.0,0.01,OK
Forecast H1 × Realizado,2025-01 | Forecast 6+6 | DividaLiquida,0.0,0.01,OK
Forecast H1 × Realizado,2025-01 | Forecast 6+6 | CheckDiario,2.561137080192566e-09,0.01,OK
Forecast H1 × Realizado,2025-01 | Forecast 6+6 | AtivoCirculante,0.0,0.01,OK
Forecast H1 × Realizado,2025-01 | Forecast 6+6 | AtivoNaoCirculante,0.0,0.01,OK
Forecast H1 × Realizado,2025-01 | Forecast 6+6 | DividaCP,0.0,0.01,OK
Forecast H1 × Realizado,2025-01 | Forecast 6+6 | DividaLP,0.0,0.01,OK
Forecast H1 × Realizado,2025-01 | Forecast 6+6 | PassivoCirculante,0.0,0.01,OK
Forecast H1 × Realizado,2025-01 | Forecast 6+6 | PassivoNaoCirculante,0.0,0.01,OK
Forecast H1 × Realizado,2025-01 | Forecast 6+6 | LiquidezCorrente,0.0,0.01,OK
Ativo=Passivo+PL,2025-02 | Forecast 6+6,0.0,0.01,OK
FCO Direto=Indireto,2025-02 | Forecast 6+6,1.5643308870494366e-10,0.01,OK
Caixa Inicial+Fluxos=Final,2025-02 | Forecast 6+6,0.0,0.01,OK
Receita Líquida,2025-02 | Forecast 6+6,0.0,0.01,OK
Lucro Bruto,2025-02 | Forecast 6+6,0.0,0.01,OK
EBITDA,2025-02 | Forecast 6+6,0.0,0.01,OK
Lucro Líquido,2025-02 | Forecast 6+6,0.0,0.01,OK
FCL,2025-02 | Forecast 6+6,0.0,0.01,OK
NCG completa,2025-02 | Forecast 6+6,0.0,0.01,OK
Financiamento,2025-02 | Forecast 6+6,0.0,0.01,OK
Forecast H1 × Realizado,2025-02 | Forecast 6+6 | ReceitaBruta,0.0,0.01,OK
Forecast H1 × Realizado,2025-02 | Forecast 6+6 | Deducoes,0.0,0.01,OK
Forecast H1 × Realizado,2025-02 | Forecast 6+6 | ReceitaLiquida,0.0,0.01,OK
Forecast H1 × Realizado,2025-02 | Forecast 6+6 | CMV,0.0,0.01,OK
Forecast H1 × Realizado,2025-02 | Forecast 6+6 | LucroBruto,0.0,0.01,OK
Forecast H1 × Realizado,2025-02 | Forecast 6+6 | Pessoal,0.0,0.01,OK
Forecast H1 × Realizado,2025-02 | Forecast 6+6 | Comercial,0.0,0.01,OK
Forecast H1 × Realizado,2025-02 | Forecast 6+6 | Administrativo,0.0,0.01,OK
Forecast H1 × Realizado,2025-02 | Forecast 6+6 | Tecnologia,0.0,0.01,OK
Forecast H1 × Realizado,2025-02 | Forecast 6+6 | Logistica,0.0,0.01,OK
Forecast H1 × Realizado,2025-02 | Forecast 6+6 | Opex,0.0,0.01,OK
Forecast H1 × Realizado,2025-02 | Forecast 6+6 | EBITDA,0.0,0.01,OK
Forecast H1 × Realizado,2025-02 | Forecast 6+6 | Depreciacao,0.0,0.01,OK
Forecast H1 × Realizado,2025-02 | Forecast 6+6 | EBIT,0.0,0.01,OK
Forecast H1 × Realizado,2025-02 | Forecast 6+6 | Juros,0.0,0.01,OK
Forecast H1 × Realizado,2025-02 | Forecast 6+6 | LAIR,0.0,0.01,OK
Forecast H1 × Realizado,2025-02 | Forecast 6+6 | IRSimulado,0.0,0.01,OK
Forecast H1 × Realizado,2025-02 | Forecast 6+6 | LucroLiquido,0.0,0.01,OK
Forecast H1 × Realizado,2025-02 | Forecast 6+6 | Clientes,0.0,0.01,OK
Forecast H1 × Realizado,2025-02 | Forecast 6+6 | Estoque,0.0,0.01,OK
Forecast H1 × Realizado,2025-02 | Forecast 6+6 | Compras,0.0,0.01,OK
Forecast H1 × Realizado,2025-02 | Forecast 6+6 | Fornecedores,0.0,0.01,OK
Forecast H1 × Realizado,2025-02 | Forecast 6+6 | SalariosPagar,0.0,0.01,OK
Forecast H1 × Realizado,2025-02 | Forecast 6+6 | TributosVendaPagar,0.0,0.01,OK
Forecast H1 × Realizado,2025-02 | Forecast 6+6 | IRPagar,0.0,0.01,OK
Forecast H1 × Realizado,2025-02 | Forecast 6+6 | Capex,0.0,0.01,OK
Forecast H1 × Realizado,2025-02 | Forecast 6+6 | ImobilizadoBruto,0.0,0.01,OK
Forecast H1 × Realizado,2025-02 | Forecast 6+6 | DepAcumulada,0.0,0.01,OK
Forecast H1 × Realizado,2025-02 | Forecast 6+6 | Captacao,0.0,0.01,OK
Forecast H1 × Realizado,2025-02 | Forecast 6+6 | Amortizacao,0.0,0.01,OK
Forecast H1 × Realizado,2025-02 | Forecast 6+6 | Divida,0.0,0.01,OK
Forecast H1 × Realizado,2025-02 | Forecast 6+6 | Dividendos,0.0,0.01,OK
Forecast H1 × Realizado,2025-02 | Forecast 6+6 | Capital,0.0,0.01,OK
Forecast H1 × Realizado,2025-02 | Forecast 6+6 | LucrosAcumulados,0.0,0.01,OK
Forecast H1 × Realizado,2025-02 | Forecast 6+6 | Recebimentos,0.0,0.01,OK
Forecast H1 × Realizado,2025-02 | Forecast 6+6 | PagFornecedores,0.0,0.01,OK
Forecast H1 × Realizado,2025-02 | Forecast 6+6 | PagOpex,0.0,0.01,OK
Forecast H1 × Realizado,2025-02 | Forecast 6+6 | PagTributosVenda,0.0,0.01,OK
Forecast H1 × Realizado,2025-02 | Forecast 6+6 | PagIR,0.0,0.01,OK
Forecast H1 × Realizado,2025-02 | Forecast 6+6 | FCO_Direto,0.0,0.01,OK
Forecast H1 × Realizado,2025-02 | Forecast 6+6 | FCO_Indireto,0.0,0.01,OK
Forecast H1 × Realizado,2025-02 | Forecast 6+6 | FCI,0.0,0.01,OK
Forecast H1 × Realizado,2025-02 | Forecast 6+6 | FCF,0.0,0.01,OK
Forecast H1 × Realizado,2025-02 | Forecast 6+6 | VariacaoCaixa,0.0,0.01,OK
Forecast H1 × Realizado,2025-02 | Forecast 6+6 | CaixaInicial,0.0,0.01,OK
Forecast H1 × Realizado,2025-02 | Forecast 6+6 | CaixaFinal,0.0,0.01,OK
Forecast H1 × Realizado,2025-02 | Forecast 6+6 | Ativo,0.0,0.01,OK
Forecast H1 × Realizado,2025-02 | Forecast 6+6 | Passivo,0.0,0.01,OK
Forecast H1 × Realizado,2025-02 | Forecast 6+6 | PL,0.0,0.01,OK
Forecast H1 × Realizado,2025-02 | Forecast 6+6 | CheckBP,0.0,0.01,OK
Forecast H1 × Realizado,2025-02 | Forecast 6+6 | CheckDFC,0.0,0.01,OK
Forecast H1 × Realizado,2025-02 | Forecast 6+6 | DSO,0.0,0.01,OK
Forecast H1 × Realizado,2025-02 | Forecast 6+6 | DIO,0.0,0.01,OK
Forecast H1 × Realizado,2025-02 | Forecast 6+6 | DPO,0.0,0.01,OK
Forecast H1 × Realizado,2025-02 | Forecast 6+6 | TaxaVenda,0.0,0.01,OK
Forecast H1 × Realizado,2025-02 | Forecast 6+6 | TaxaIR,0.0,0.01,OK
Forecast H1 × Realizado,2025-02 | Forecast 6+6 | TaxaJuros,0.0,0.01,OK
Forecast H1 × Realizado,2025-02 | Forecast 6+6 | TaxaDep,0.0,0.01,OK
Forecast H1 × Realizado,2025-02 | Forecast 6+6 | MargemEBITDA,0.0,0.01,OK
Forecast H1 × Realizado,2025-02 | Forecast 6+6 | MargemLiquida,0.0,0.01,OK
Forecast H1 × Realizado,2025-02 | Forecast 6+6 | FC_Livre,0.0,0.01,OK
Forecast H1 × Realizado,2025-02 | Forecast 6+6 | NCG,0.0,0.01,OK
Forecast H1 × Realizado,2025-02 | Forecast 6+6 | DividaLiquida,0.0,0.01,OK
Forecast H1 × Realizado,2025-02 | Forecast 6+6 | CheckDiario,2.561137080192566e-09,0.01,OK
Forecast H1 × Realizado,2025-02 | Forecast 6+6 | AtivoCirculante,0.0,0.01,OK
Forecast H1 × Realizado,2025-02 | Forecast 6+6 | AtivoNaoCirculante,0.0,0.01,OK
Forecast H1 × Realizado,2025-02 | Forecast 6+6 | DividaCP,0.0,0.01,OK
Forecast H1 × Realizado,2025-02 | Forecast 6+6 | DividaLP,0.0,0.01,OK
Forecast H1 × Realizado,2025-02 | Forecast 6+6 | PassivoCirculante,0.0,0.01,OK
Forecast H1 × Realizado,2025-02 | Forecast 6+6 | PassivoNaoCirculante,0.0,0.01,OK
Forecast H1 × Realizado,2025-02 | Forecast 6+6 | LiquidezCorrente,0.0,0.01,OK
Ativo=Passivo+PL,2025-03 | Forecast 6+6,1.862645149230957e-09,0.01,OK
FCO Direto=Indireto,2025-03 | Forecast 6+6,0.0,0.01,OK
Caixa Inicial+Fluxos=Final,2025-03 | Forecast 6+6,0.0,0.01,OK
Receita Líquida,2025-03 | Forecast 6+6,0.0,0.01,OK
Lucro Bruto,2025-03 | Forecast 6+6,0.0,0.01,OK
EBITDA,2025-03 | Forecast 6+6,0.0,0.01,OK
Lucro Líquido,2025-03 | Forecast 6+6,0.0,0.01,OK
FCL,2025-03 | Forecast 6+6,0.0,0.01,OK
NCG completa,2025-03 | Forecast 6+6,0.0,0.01,OK
Financiamento,2025-03 | Forecast 6+6,0.0,0.01,OK
Forecast H1 × Realizado,2025-03 | Forecast 6+6 | ReceitaBruta,0.0,0.01,OK
Forecast H1 × Realizado,2025-03 | Forecast 6+6 | Deducoes,0.0,0.01,OK
Forecast H1 × Realizado,2025-03 | Forecast 6+6 | ReceitaLiquida,0.0,0.01,OK
Forecast H1 × Realizado,2025-03 | Forecast 6+6 | CMV,0.0,0.01,OK
Forecast H1 × Realizado,2025-03 | Forecast 6+6 | LucroBruto,0.0,0.01,OK
Forecast H1 × Realizado,2025-03 | Forecast 6+6 | Pessoal,0.0,0.01,OK
Forecast H1 × Realizado,2025-03 | Forecast 6+6 | Comercial,0.0,0.01,OK
Forecast H1 × Realizado,2025-03 | Forecast 6+6 | Administrativo,0.0,0.01,OK
Forecast H1 × Realizado,2025-03 | Forecast 6+6 | Tecnologia,0.0,0.01,OK
Forecast H1 × Realizado,2025-03 | Forecast 6+6 | Logistica,0.0,0.01,OK
Forecast H1 × Realizado,2025-03 | Forecast 6+6 | Opex,0.0,0.01,OK
Forecast H1 × Realizado,2025-03 | Forecast 6+6 | EBITDA,0.0,0.01,OK
Forecast H1 × Realizado,2025-03 | Forecast 6+6 | Depreciacao,0.0,0.01,OK
Forecast H1 × Realizado,2025-03 | Forecast 6+6 | EBIT,0.0,0.01,OK
Forecast H1 × Realizado,2025-03 | Forecast 6+6 | Juros,0.0,0.01,OK
Forecast H1 × Realizado,2025-03 | Forecast 6+6 | LAIR,0.0,0.01,OK
Forecast H1 × Realizado,2025-03 | Forecast 6+6 | IRSimulado,0.0,0.01,OK
Forecast H1 × Realizado,2025-03 | Forecast 6+6 | LucroLiquido,0.0,0.01,OK
Forecast H1 × Realizado,2025-03 | Forecast 6+6 | Clientes,0.0,0.01,OK
Forecast H1 × Realizado,2025-03 | Forecast 6+6 | Estoque,0.0,0.01,OK
Forecast H1 × Realizado,2025-03 | Forecast 6+6 | Compras,0.0,0.01,OK
Forecast H1 × Realizado,2025-03 | Forecast 6+6 | Fornecedores,0.0,0.01,OK
Forecast H1 × Realizado,2025-03 | Forecast 6+6 | SalariosPagar,0.0,0.01,OK
Forecast H1 × Realizado,2025-03 | Forecast 6+6 | TributosVendaPagar,0.0,0.01,OK
Forecast H1 × Realizado,2025-03 | Forecast 6+6 | IRPagar,0.0,0.01,OK
Forecast H1 × Realizado,2025-03 | Forecast 6+6 | Capex,0.0,0.01,OK
Forecast H1 × Realizado,2025-03 | Forecast 6+6 | ImobilizadoBruto,0.0,0.01,OK
Forecast H1 × Realizado,2025-03 | Forecast 6+6 | DepAcumulada,0.0,0.01,OK
Forecast H1 × Realizado,2025-03 | Forecast 6+6 | Captacao,0.0,0.01,OK
Forecast H1 × Realizado,2025-03 | Forecast 6+6 | Amortizacao,0.0,0.01,OK
Forecast H1 × Realizado,2025-03 | Forecast 6+6 | Divida,0.0,0.01,OK
Forecast H1 × Realizado,2025-03 | Forecast 6+6 | Dividendos,0.0,0.01,OK
Forecast H1 × Realizado,2025-03 | Forecast 6+6 | Capital,0.0,0.01,OK
Forecast H1 × Realizado,2025-03 | Forecast 6+6 | LucrosAcumulados,0.0,0.01,OK
Forecast H1 × Realizado,2025-03 | Forecast 6+6 | Recebimentos,0.0,0.01,OK
Forecast H1 × Realizado,2025-03 | Forecast 6+6 | PagFornecedores,0.0,0.01,OK
Forecast H1 × Realizado,2025-03 | Forecast 6+6 | PagOpex,0.0,0.01,OK
Forecast H1 × Realizado,2025-03 | Forecast 6+6 | PagTributosVenda,0.0,0.01,OK
Forecast H1 × Realizado,2025-03 | Forecast 6+6 | PagIR,0.0,0.01,OK
Forecast H1 × Realizado,2025-03 | Forecast 6+6 | FCO_Direto,0.0,0.01,OK
Forecast H1 × Realizado,2025-03 | Forecast 6+6 | FCO_Indireto,0.0,0.01,OK
Forecast H1 × Realizado,2025-03 | Forecast 6+6 | FCI,0.0,0.01,OK
Forecast H1 × Realizado,2025-03 | Forecast 6+6 | FCF,0.0,0.01,OK
Forecast H1 × Realizado,2025-03 | Forecast 6+6 | VariacaoCaixa,0.0,0.01,OK
Forecast H1 × Realizado,2025-03 | Forecast 6+6 | CaixaInicial,0.0,0.01,OK
Forecast H1 × Realizado,2025-03 | Forecast 6+6 | CaixaFinal,0.0,0.01,OK
Forecast H1 × Realizado,2025-03 | Forecast 6+6 | Ativo,0.0,0.01,OK
Forecast H1 × Realizado,2025-03 | Forecast 6+6 | Passivo,0.0,0.01,OK
Forecast H1 × Realizado,2025-03 | Forecast 6+6 | PL,0.0,0.01,OK
Forecast H1 × Realizado,2025-03 | Forecast 6+6 | CheckBP,0.0,0.01,OK
Forecast H1 × Realizado,2025-03 | Forecast 6+6 | CheckDFC,0.0,0.01,OK
Forecast H1 × Realizado,2025-03 | Forecast 6+6 | DSO,0.0,0.01,OK
Forecast H1 × Realizado,2025-03 | Forecast 6+6 | DIO,0.0,0.01,OK
Forecast H1 × Realizado,2025-03 | Forecast 6+6 | DPO,0.0,0.01,OK
Forecast H1 × Realizado,2025-03 | Forecast 6+6 | TaxaVenda,0.0,0.01,OK
Forecast H1 × Realizado,2025-03 | Forecast 6+6 | TaxaIR,0.0,0.01,OK
Forecast H1 × Realizado,2025-03 | Forecast 6+6 | TaxaJuros,0.0,0.01,OK
Forecast H1 × Realizado,2025-03 | Forecast 6+6 | TaxaDep,0.0,0.01,OK
Forecast H1 × Realizado,2025-03 | Forecast 6+6 | MargemEBITDA,0.0,0.01,OK
Forecast H1 × Realizado,2025-03 | Forecast 6+6 | MargemLiquida,0.0,0.01,OK
Forecast H1 × Realizado,2025-03 | Forecast 6+6 | FC_Livre,0.0,0.01,OK
Forecast H1 × Realizado,2025-03 | Forecast 6+6 | NCG,0.0,0.01,OK
Forecast H1 × Realizado,2025-03 | Forecast 6+6 | DividaLiquida,0.0,0.01,OK
Forecast H1 × Realizado,2025-03 | Forecast 6+6 | CheckDiario,2.561137080192566e-09,0.01,OK
Forecast H1 × Realizado,2025-03 | Forecast 6+6 | AtivoCirculante,0.0,0.01,OK
Forecast H1 × Realizado,2025-03 | Forecast 6+6 | AtivoNaoCirculante,0.0,0.01,OK
Forecast H1 × Realizado,2025-03 | Forecast 6+6 | DividaCP,0.0,0.01,OK
Forecast H1 × Realizado,2025-03 | Forecast 6+6 | DividaLP,0.0,0.01,OK
Forecast H1 × Realizado,2025-03 | Forecast 6+6 | PassivoCirculante,0.0,0.01,OK
Forecast H1 × Realizado,2025-03 | Forecast 6+6 | PassivoNaoCirculante,0.0,0.01,OK
Forecast H1 × Realizado,2025-03 | Forecast 6+6 | LiquidezCorrente,0.0,0.01,OK
Ativo=Passivo+PL,2025-04 | Forecast 6+6,0.0,0.01,OK
FCO Direto=Indireto,2025-04 | Forecast 6+6,3.346940502524376e-10,0.01,OK
Caixa Inicial+Fluxos=Final,2025-04 | Forecast 6+6,0.0,0.01,OK
Receita Líquida,2025-04 | Forecast 6+6,0.0,0.01,OK
Lucro Bruto,2025-04 | Forecast 6+6,0.0,0.01,OK
EBITDA,2025-04 | Forecast 6+6,0.0,0.01,OK
Lucro Líquido,2025-04 | Forecast 6+6,0.0,0.01,OK
FCL,2025-04 | Forecast 6+6,0.0,0.01,OK
NCG completa,2025-04 | Forecast 6+6,0.0,0.01,OK
Financiamento,2025-04 | Forecast 6+6,0.0,0.01,OK
Forecast H1 × Realizado,2025-04 | Forecast 6+6 | ReceitaBruta,0.0,0.01,OK
Forecast H1 × Realizado,2025-04 | Forecast 6+6 | Deducoes,0.0,0.01,OK
Forecast H1 × Realizado,2025-04 | Forecast 6+6 | ReceitaLiquida,0.0,0.01,OK
Forecast H1 × Realizado,2025-04 | Forecast 6+6 | CMV,0.0,0.01,OK
Forecast H1 × Realizado,2025-04 | Forecast 6+6 | LucroBruto,0.0,0.01,OK
Forecast H1 × Realizado,2025-04 | Forecast 6+6 | Pessoal,0.0,0.01,OK
Forecast H1 × Realizado,2025-04 | Forecast 6+6 | Comercial,0.0,0.01,OK
Forecast H1 × Realizado,2025-04 | Forecast 6+6 | Administrativo,0.0,0.01,OK
Forecast H1 × Realizado,2025-04 | Forecast 6+6 | Tecnologia,0.0,0.01,OK
Forecast H1 × Realizado,2025-04 | Forecast 6+6 | Logistica,0.0,0.01,OK
Forecast H1 × Realizado,2025-04 | Forecast 6+6 | Opex,0.0,0.01,OK
Forecast H1 × Realizado,2025-04 | Forecast 6+6 | EBITDA,0.0,0.01,OK
Forecast H1 × Realizado,2025-04 | Forecast 6+6 | Depreciacao,0.0,0.01,OK
Forecast H1 × Realizado,2025-04 | Forecast 6+6 | EBIT,0.0,0.01,OK
Forecast H1 × Realizado,2025-04 | Forecast 6+6 | Juros,0.0,0.01,OK
Forecast H1 × Realizado,2025-04 | Forecast 6+6 | LAIR,0.0,0.01,OK
Forecast H1 × Realizado,2025-04 | Forecast 6+6 | IRSimulado,0.0,0.01,OK
Forecast H1 × Realizado,2025-04 | Forecast 6+6 | LucroLiquido,0.0,0.01,OK
Forecast H1 × Realizado,2025-04 | Forecast 6+6 | Clientes,0.0,0.01,OK
Forecast H1 × Realizado,2025-04 | Forecast 6+6 | Estoque,0.0,0.01,OK
Forecast H1 × Realizado,2025-04 | Forecast 6+6 | Compras,0.0,0.01,OK
Forecast H1 × Realizado,2025-04 | Forecast 6+6 | Fornecedores,0.0,0.01,OK
Forecast H1 × Realizado,2025-04 | Forecast 6+6 | SalariosPagar,0.0,0.01,OK
Forecast H1 × Realizado,2025-04 | Forecast 6+6 | TributosVendaPagar,0.0,0.01,OK
Forecast H1 × Realizado,2025-04 | Forecast 6+6 | IRPagar,0.0,0.01,OK
Forecast H1 × Realizado,2025-04 | Forecast 6+6 | Capex,0.0,0.01,OK
Forecast H1 × Realizado,2025-04 | Forecast 6+6 | ImobilizadoBruto,0.0,0.01,OK
Forecast H1 × Realizado,2025-04 | Forecast 6+6 | DepAcumulada,0.0,0.01,OK
Forecast H1 × Realizado,2025-04 | Forecast 6+6 | Captacao,0.0,0.01,OK
Forecast H1 × Realizado,2025-04 | Forecast 6+6 | Amortizacao,0.0,0.01,OK
Forecast H1 × Realizado,2025-04 | Forecast 6+6 | Divida,0.0,0.01,OK
Forecast H1 × Realizado,2025-04 | Forecast 6+6 | Dividendos,0.0,0.01,OK
Forecast H1 × Realizado,2025-04 | Forecast 6+6 | Capital,0.0,0.01,OK
Forecast H1 × Realizado,2025-04 | Forecast 6+6 | LucrosAcumulados,0.0,0.01,OK
Forecast H1 × Realizado,2025-04 | Forecast 6+6 | Recebimentos,0.0,0.01,OK
Forecast H1 × Realizado,2025-04 | Forecast 6+6 | PagFornecedores,0.0,0.01,OK
Forecast H1 × Realizado,2025-04 | Forecast 6+6 | PagOpex,0.0,0.01,OK
Forecast H1 × Realizado,2025-04 | Forecast 6+6 | PagTributosVenda,0.0,0.01,OK
Forecast H1 × Realizado,2025-04 | Forecast 6+6 | PagIR,0.0,0.01,OK
Forecast H1 × Realizado,2025-04 | Forecast 6+6 | FCO_Direto,0.0,0.01,OK
Forecast H1 × Realizado,2025-04 | Forecast 6+6 | FCO_Indireto,0.0,0.01,OK
Forecast H1 × Realizado,2025-04 | Forecast 6+6 | FCI,0.0,0.01,OK
Forecast H1 × Realizado,2025-04 | Forecast 6+6 | FCF,0.0,0.01,OK
Forecast H1 × Realizado,2025-04 | Forecast 6+6 | VariacaoCaixa,0.0,0.01,OK
Forecast H1 × Realizado,2025-04 | Forecast 6+6 | CaixaInicial,0.0,0.01,OK
Forecast H1 × Realizado,2025-04 | Forecast 6+6 | CaixaFinal,0.0,0.01,OK
Forecast H1 × Realizado,2025-04 | Forecast 6+6 | Ativo,0.0,0.01,OK
Forecast H1 × Realizado,2025-04 | Forecast 6+6 | Passivo,0.0,0.01,OK
Forecast H1 × Realizado,2025-04 | Forecast 6+6 | PL,0.0,0.01,OK
Forecast H1 × Realizado,2025-04 | Forecast 6+6 | CheckBP,0.0,0.01,OK
Forecast H1 × Realizado,2025-04 | Forecast 6+6 | CheckDFC,0.0,0.01,OK
Forecast H1 × Realizado,2025-04 | Forecast 6+6 | DSO,0.0,0.01,OK
Forecast H1 × Realizado,2025-04 | Forecast 6+6 | DIO,0.0,0.01,OK
Forecast H1 × Realizado,2025-04 | Forecast 6+6 | DPO,0.0,0.01,OK
Forecast H1 × Realizado,2025-04 | Forecast 6+6 | TaxaVenda,0.0,0.01,OK
Forecast H1 × Realizado,2025-04 | Forecast 6+6 | TaxaIR,0.0,0.01,OK
Forecast H1 × Realizado,2025-04 | Forecast 6+6 | TaxaJuros,0.0,0.01,OK
Forecast H1 × Realizado,2025-04 | Forecast 6+6 | TaxaDep,0.0,0.01,OK
Forecast H1 × Realizado,2025-04 | Forecast 6+6 | MargemEBITDA,0.0,0.01,OK
Forecast H1 × Realizado,2025-04 | Forecast 6+6 | MargemLiquida,0.0,0.01,OK
Forecast H1 × Realizado,2025-04 | Forecast 6+6 | FC_Livre,0.0,0.01,OK
Forecast H1 × Realizado,2025-04 | Forecast 6+6 | NCG,0.0,0.01,OK
Forecast H1 × Realizado,2025-04 | Forecast 6+6 | DividaLiquida,0.0,0.01,OK
Forecast H1 × Realizado,2025-04 | Forecast 6+6 | CheckDiario,3.259629011154175e-09,0.01,OK
Forecast H1 × Realizado,2025-04 | Forecast 6+6 | AtivoCirculante,0.0,0.01,OK
Forecast H1 × Realizado,2025-04 | Forecast 6+6 | AtivoNaoCirculante,0.0,0.01,OK
Forecast H1 × Realizado,2025-04 | Forecast 6+6 | DividaCP,0.0,0.01,OK
Forecast H1 × Realizado,2025-04 | Forecast 6+6 | DividaLP,0.0,0.01,OK
Forecast H1 × Realizado,2025-04 | Forecast 6+6 | PassivoCirculante,0.0,0.01,OK
Forecast H1 × Realizado,2025-04 | Forecast 6+6 | PassivoNaoCirculante,0.0,0.01,OK
Forecast H1 × Realizado,2025-04 | Forecast 6+6 | LiquidezCorrente,0.0,0.01,OK
Ativo=Passivo+PL,2025-05 | Forecast 6+6,9.313225746154785e-10,0.01,OK
FCO Direto=Indireto,2025-05 | Forecast 6+6,2.9103830456733704e-10,0.01,OK
Caixa Inicial+Fluxos=Final,2025-05 | Forecast 6+6,0.0,0.01,OK
Receita Líquida,2025-05 | Forecast 6+6,0.0,0.01,OK
Lucro Bruto,2025-05 | Forecast 6+6,0.0,0.01,OK
EBITDA,2025-05 | Forecast 6+6,0.0,0.01,OK
Lucro Líquido,2025-05 | Forecast 6+6,0.0,0.01,OK
FCL,2025-05 | Forecast 6+6,0.0,0.01,OK
NCG completa,2025-05 | Forecast 6+6,0.0,0.01,OK
Financiamento,2025-05 | Forecast 6+6,0.0,0.01,OK
Forecast H1 × Realizado,2025-05 | Forecast 6+6 | ReceitaBruta,0.0,0.01,OK
Forecast H1 × Realizado,2025-05 | Forecast 6+6 | Deducoes,0.0,0.01,OK
Forecast H1 × Realizado,2025-05 | Forecast 6+6 | ReceitaLiquida,0.0,0.01,OK
Forecast H1 × Realizado,2025-05 | Forecast 6+6 | CMV,0.0,0.01,OK
Forecast H1 × Realizado,2025-05 | Forecast 6+6 | LucroBruto,0.0,0.01,OK
Forecast H1 × Realizado,2025-05 | Forecast 6+6 | Pessoal,0.0,0.01,OK
Forecast H1 × Realizado,2025-05 | Forecast 6+6 | Comercial,0.0,0.01,OK
Forecast H1 × Realizado,2025-05 | Forecast 6+6 | Administrativo,0.0,0.01,OK
Forecast H1 × Realizado,2025-05 | Forecast 6+6 | Tecnologia,0.0,0.01,OK
Forecast H1 × Realizado,2025-05 | Forecast 6+6 | Logistica,0.0,0.01,OK
Forecast H1 × Realizado,2025-05 | Forecast 6+6 | Opex,0.0,0.01,OK
Forecast H1 × Realizado,2025-05 | Forecast 6+6 | EBITDA,0.0,0.01,OK
Forecast H1 × Realizado,2025-05 | Forecast 6+6 | Depreciacao,0.0,0.01,OK
Forecast H1 × Realizado,2025-05 | Forecast 6+6 | EBIT,0.0,0.01,OK
Forecast H1 × Realizado,2025-05 | Forecast 6+6 | Juros,0.0,0.01,OK
Forecast H1 × Realizado,2025-05 | Forecast 6+6 | LAIR,0.0,0.01,OK
Forecast H1 × Realizado,2025-05 | Forecast 6+6 | IRSimulado,0.0,0.01,OK
Forecast H1 × Realizado,2025-05 | Forecast 6+6 | LucroLiquido,0.0,0.01,OK
Forecast H1 × Realizado,2025-05 | Forecast 6+6 | Clientes,0.0,0.01,OK
Forecast H1 × Realizado,2025-05 | Forecast 6+6 | Estoque,0.0,0.01,OK
Forecast H1 × Realizado,2025-05 | Forecast 6+6 | Compras,0.0,0.01,OK
Forecast H1 × Realizado,2025-05 | Forecast 6+6 | Fornecedores,0.0,0.01,OK
Forecast H1 × Realizado,2025-05 | Forecast 6+6 | SalariosPagar,0.0,0.01,OK
Forecast H1 × Realizado,2025-05 | Forecast 6+6 | TributosVendaPagar,0.0,0.01,OK
Forecast H1 × Realizado,2025-05 | Forecast 6+6 | IRPagar,0.0,0.01,OK
Forecast H1 × Realizado,2025-05 | Forecast 6+6 | Capex,0.0,0.01,OK
Forecast H1 × Realizado,2025-05 | Forecast 6+6 | ImobilizadoBruto,0.0,0.01,OK
Forecast H1 × Realizado,2025-05 | Forecast 6+6 | DepAcumulada,0.0,0.01,OK
Forecast H1 × Realizado,2025-05 | Forecast 6+6 | Captacao,0.0,0.01,OK
Forecast H1 × Realizado,2025-05 | Forecast 6+6 | Amortizacao,0.0,0.01,OK
Forecast H1 × Realizado,2025-05 | Forecast 6+6 | Divida,0.0,0.01,OK
Forecast H1 × Realizado,2025-05 | Forecast 6+6 | Dividendos,0.0,0.01,OK
Forecast H1 × Realizado,2025-05 | Forecast 6+6 | Capital,0.0,0.01,OK
Forecast H1 × Realizado,2025-05 | Forecast 6+6 | LucrosAcumulados,0.0,0.01,OK
Forecast H1 × Realizado,2025-05 | Forecast 6+6 | Recebimentos,0.0,0.01,OK
Forecast H1 × Realizado,2025-05 | Forecast 6+6 | PagFornecedores,0.0,0.01,OK
Forecast H1 × Realizado,2025-05 | Forecast 6+6 | PagOpex,0.0,0.01,OK
Forecast H1 × Realizado,2025-05 | Forecast 6+6 | PagTributosVenda,0.0,0.01,OK
Forecast H1 × Realizado,2025-05 | Forecast 6+6 | PagIR,0.0,0.01,OK
Forecast H1 × Realizado,2025-05 | Forecast 6+6 | FCO_Direto,0.0,0.01,OK
Forecast H1 × Realizado,2025-05 | Forecast 6+6 | FCO_Indireto,0.0,0.01,OK
Forecast H1 × Realizado,2025-05 | Forecast 6+6 | FCI,0.0,0.01,OK
Forecast H1 × Realizado,2025-05 | Forecast 6+6 | FCF,0.0,0.01,OK
Forecast H1 × Realizado,2025-05 | Forecast 6+6 | VariacaoCaixa,0.0,0.01,OK
Forecast H1 × Realizado,2025-05 | Forecast 6+6 | CaixaInicial,0.0,0.01,OK
Forecast H1 × Realizado,2025-05 | Forecast 6+6 | CaixaFinal,0.0,0.01,OK
Forecast H1 × Realizado,2025-05 | Forecast 6+6 | Ativo,0.0,0.01,OK
Forecast H1 × Realizado,2025-05 | Forecast 6+6 | Passivo,0.0,0.01,OK
Forecast H1 × Realizado,2025-05 | Forecast 6+6 | PL,0.0,0.01,OK
Forecast H1 × Realizado,2025-05 | Forecast 6+6 | CheckBP,0.0,0.01,OK
Forecast H1 × Realizado,2025-05 | Forecast 6+6 | CheckDFC,0.0,0.01,OK
Forecast H1 × Realizado,2025-05 | Forecast 6+6 | DSO,0.0,0.01,OK
Forecast H1 × Realizado,2025-05 | Forecast 6+6 | DIO,0.0,0.01,OK
Forecast H1 × Realizado,2025-05 | Forecast 6+6 | DPO,0.0,0.01,OK
Forecast H1 × Realizado,2025-05 | Forecast 6+6 | TaxaVenda,0.0,0.01,OK
Forecast H1 × Realizado,2025-05 | Forecast 6+6 | TaxaIR,0.0,0.01,OK
Forecast H1 × Realizado,2025-05 | Forecast 6+6 | TaxaJuros,0.0,0.01,OK
Forecast H1 × Realizado,2025-05 | Forecast 6+6 | TaxaDep,0.0,0.01,OK
Forecast H1 × Realizado,2025-05 | Forecast 6+6 | MargemEBITDA,0.0,0.01,OK
Forecast H1 × Realizado,2025-05 | Forecast 6+6 | MargemLiquida,0.0,0.01,OK
Forecast H1 × Realizado,2025-05 | Forecast 6+6 | FC_Livre,0.0,0.01,OK
Forecast H1 × Realizado,2025-05 | Forecast 6+6 | NCG,0.0,0.01,OK
Forecast H1 × Realizado,2025-05 | Forecast 6+6 | DividaLiquida,0.0,0.01,OK
Forecast H1 × Realizado,2025-05 | Forecast 6+6 | CheckDiario,3.725290298461914e-09,0.01,OK
Forecast H1 × Realizado,2025-05 | Forecast 6+6 | AtivoCirculante,0.0,0.01,OK
Forecast H1 × Realizado,2025-05 | Forecast 6+6 | AtivoNaoCirculante,0.0,0.01,OK
Forecast H1 × Realizado,2025-05 | Forecast 6+6 | DividaCP,0.0,0.01,OK
Forecast H1 × Realizado,2025-05 | Forecast 6+6 | DividaLP,0.0,0.01,OK
Forecast H1 × Realizado,2025-05 | Forecast 6+6 | PassivoCirculante,0.0,0.01,OK
Forecast H1 × Realizado,2025-05 | Forecast 6+6 | PassivoNaoCirculante,0.0,0.01,OK
Forecast H1 × Realizado,2025-05 | Forecast 6+6 | LiquidezCorrente,0.0,0.01,OK
Ativo=Passivo+PL,2025-06 | Forecast 6+6,0.0,0.01,OK
FCO Direto=Indireto,2025-06 | Forecast 6+6,1.8917489796876907e-10,0.01,OK
Caixa Inicial+Fluxos=Final,2025-06 | Forecast 6+6,0.0,0.01,OK
Receita Líquida,2025-06 | Forecast 6+6,0.0,0.01,OK
Lucro Bruto,2025-06 | Forecast 6+6,0.0,0.01,OK
EBITDA,2025-06 | Forecast 6+6,0.0,0.01,OK
Lucro Líquido,2025-06 | Forecast 6+6,0.0,0.01,OK
FCL,2025-06 | Forecast 6+6,0.0,0.01,OK
NCG completa,2025-06 | Forecast 6+6,0.0,0.01,OK
Financiamento,2025-06 | Forecast 6+6,0.0,0.01,OK
Forecast H1 × Realizado,2025-06 | Forecast 6+6 | ReceitaBruta,0.0,0.01,OK
Forecast H1 × Realizado,2025-06 | Forecast 6+6 | Deducoes,0.0,0.01,OK
Forecast H1 × Realizado,2025-06 | Forecast 6+6 | ReceitaLiquida,0.0,0.01,OK
Forecast H1 × Realizado,2025-06 | Forecast 6+6 | CMV,0.0,0.01,OK
Forecast H1 × Realizado,2025-06 | Forecast 6+6 | LucroBruto,0.0,0.01,OK
Forecast H1 × Realizado,2025-06 | Forecast 6+6 | Pessoal,0.0,0.01,OK
Forecast H1 × Realizado,2025-06 | Forecast 6+6 | Comercial,0.0,0.01,OK
Forecast H1 × Realizado,2025-06 | Forecast 6+6 | Administrativo,0.0,0.01,OK
Forecast H1 × Realizado,2025-06 | Forecast 6+6 | Tecnologia,0.0,0.01,OK
Forecast H1 × Realizado,2025-06 | Forecast 6+6 | Logistica,0.0,0.01,OK
Forecast H1 × Realizado,2025-06 | Forecast 6+6 | Opex,0.0,0.01,OK
Forecast H1 × Realizado,2025-06 | Forecast 6+6 | EBITDA,0.0,0.01,OK
Forecast H1 × Realizado,2025-06 | Forecast 6+6 | Depreciacao,0.0,0.01,OK
Forecast H1 × Realizado,2025-06 | Forecast 6+6 | EBIT,0.0,0.01,OK
Forecast H1 × Realizado,2025-06 | Forecast 6+6 | Juros,0.0,0.01,OK
Forecast H1 × Realizado,2025-06 | Forecast 6+6 | LAIR,0.0,0.01,OK
Forecast H1 × Realizado,2025-06 | Forecast 6+6 | IRSimulado,0.0,0.01,OK
Forecast H1 × Realizado,2025-06 | Forecast 6+6 | LucroLiquido,0.0,0.01,OK
Forecast H1 × Realizado,2025-06 | Forecast 6+6 | Clientes,0.0,0.01,OK
Forecast H1 × Realizado,2025-06 | Forecast 6+6 | Estoque,0.0,0.01,OK
Forecast H1 × Realizado,2025-06 | Forecast 6+6 | Compras,0.0,0.01,OK
Forecast H1 × Realizado,2025-06 | Forecast 6+6 | Fornecedores,0.0,0.01,OK
Forecast H1 × Realizado,2025-06 | Forecast 6+6 | SalariosPagar,0.0,0.01,OK
Forecast H1 × Realizado,2025-06 | Forecast 6+6 | TributosVendaPagar,0.0,0.01,OK
Forecast H1 × Realizado,2025-06 | Forecast 6+6 | IRPagar,0.0,0.01,OK
Forecast H1 × Realizado,2025-06 | Forecast 6+6 | Capex,0.0,0.01,OK
Forecast H1 × Realizado,2025-06 | Forecast 6+6 | ImobilizadoBruto,0.0,0.01,OK
Forecast H1 × Realizado,2025-06 | Forecast 6+6 | DepAcumulada,0.0,0.01,OK
Forecast H1 × Realizado,2025-06 | Forecast 6+6 | Captacao,0.0,0.01,OK
Forecast H1 × Realizado,2025-06 | Forecast 6+6 | Amortizacao,0.0,0.01,OK
Forecast H1 × Realizado,2025-06 | Forecast 6+6 | Divida,0.0,0.01,OK
Forecast H1 × Realizado,2025-06 | Forecast 6+6 | Dividendos,0.0,0.01,OK
Forecast H1 × Realizado,2025-06 | Forecast 6+6 | Capital,0.0,0.01,OK
Forecast H1 × Realizado,2025-06 | Forecast 6+6 | LucrosAcumulados,0.0,0.01,OK
Forecast H1 × Realizado,2025-06 | Forecast 6+6 | Recebimentos,0.0,0.01,OK
Forecast H1 × Realizado,2025-06 | Forecast 6+6 | PagFornecedores,0.0,0.01,OK
Forecast H1 × Realizado,2025-06 | Forecast 6+6 | PagOpex,0.0,0.01,OK
Forecast H1 × Realizado,2025-06 | Forecast 6+6 | PagTributosVenda,0.0,0.01,OK
Forecast H1 × Realizado,2025-06 | Forecast 6+6 | PagIR,0.0,0.01,OK
Forecast H1 × Realizado,2025-06 | Forecast 6+6 | FCO_Direto,0.0,0.01,OK
Forecast H1 × Realizado,2025-06 | Forecast 6+6 | FCO_Indireto,0.0,0.01,OK
Forecast H1 × Realizado,2025-06 | Forecast 6+6 | FCI,0.0,0.01,OK
Forecast H1 × Realizado,2025-06 | Forecast 6+6 | FCF,0.0,0.01,OK
Forecast H1 × Realizado,2025-06 | Forecast 6+6 | VariacaoCaixa,0.0,0.01,OK
Forecast H1 × Realizado,2025-06 | Forecast 6+6 | CaixaInicial,0.0,0.01,OK
Forecast H1 × Realizado,2025-06 | Forecast 6+6 | CaixaFinal,0.0,0.01,OK
Forecast H1 × Realizado,2025-06 | Forecast 6+6 | Ativo,0.0,0.01,OK
Forecast H1 × Realizado,2025-06 | Forecast 6+6 | Passivo,0.0,0.01,OK
Forecast H1 × Realizado,2025-06 | Forecast 6+6 | PL,0.0,0.01,OK
Forecast H1 × Realizado,2025-06 | Forecast 6+6 | CheckBP,0.0,0.01,OK
Forecast H1 × Realizado,2025-06 | Forecast 6+6 | CheckDFC,0.0,0.01,OK
Forecast H1 × Realizado,2025-06 | Forecast 6+6 | DSO,0.0,0.01,OK
Forecast H1 × Realizado,2025-06 | Forecast 6+6 | DIO,0.0,0.01,OK
Forecast H1 × Realizado,2025-06 | Forecast 6+6 | DPO,0.0,0.01,OK
Forecast H1 × Realizado,2025-06 | Forecast 6+6 | TaxaVenda,0.0,0.01,OK
Forecast H1 × Realizado,2025-06 | Forecast 6+6 | TaxaIR,0.0,0.01,OK
Forecast H1 × Realizado,2025-06 | Forecast 6+6 | TaxaJuros,0.0,0.01,OK
Forecast H1 × Realizado,2025-06 | Forecast 6+6 | TaxaDep,0.0,0.01,OK
Forecast H1 × Realizado,2025-06 | Forecast 6+6 | MargemEBITDA,0.0,0.01,OK
Forecast H1 × Realizado,2025-06 | Forecast 6+6 | MargemLiquida,0.0,0.01,OK
Forecast H1 × Realizado,2025-06 | Forecast 6+6 | FC_Livre,0.0,0.01,OK
Forecast H1 × Realizado,2025-06 | Forecast 6+6 | NCG,0.0,0.01,OK
Forecast H1 × Realizado,2025-06 | Forecast 6+6 | DividaLiquida,0.0,0.01,OK
Forecast H1 × Realizado,2025-06 | Forecast 6+6 | CheckDiario,3.958120942115784e-09,0.01,OK
Forecast H1 × Realizado,2025-06 | Forecast 6+6 | AtivoCirculante,0.0,0.01,OK
Forecast H1 × Realizado,2025-06 | Forecast 6+6 | AtivoNaoCirculante,0.0,0.01,OK
Forecast H1 × Realizado,2025-06 | Forecast 6+6 | DividaCP,0.0,0.01,OK
Forecast H1 × Realizado,2025-06 | Forecast 6+6 | DividaLP,0.0,0.01,OK
Forecast H1 × Realizado,2025-06 | Forecast 6+6 | PassivoCirculante,0.0,0.01,OK
Forecast H1 × Realizado,2025-06 | Forecast 6+6 | PassivoNaoCirculante,0.0,0.01,OK
Forecast H1 × Realizado,2025-06 | Forecast 6+6 | LiquidezCorrente,0.0,0.01,OK
Ativo=Passivo+PL,2025-07 | Forecast 6+6,9.313225746154785e-10,0.01,OK
FCO Direto=Indireto,2025-07 | Forecast 6+6,1.1641532182693481e-10,0.01,OK
Caixa Inicial+Fluxos=Final,2025-07 | Forecast 6+6,0.0,0.01,OK
Receita Líquida,2025-07 | Forecast 6+6,0.0,0.01,OK
Lucro Bruto,2025-07 | Forecast 6+6,0.0,0.01,OK
EBITDA,2025-07 | Forecast 6+6,0.0,0.01,OK
Lucro Líquido,2025-07 | Forecast 6+6,0.0,0.01,OK
FCL,2025-07 | Forecast 6+6,0.0,0.01,OK
NCG completa,2025-07 | Forecast 6+6,0.0,0.01,OK
Financiamento,2025-07 | Forecast 6+6,0.0,0.01,OK
Ativo=Passivo+PL,2025-08 | Forecast 6+6,0.0,0.01,OK
FCO Direto=Indireto,2025-08 | Forecast 6+6,1.4551915228366852e-10,0.01,OK
Caixa Inicial+Fluxos=Final,2025-08 | Forecast 6+6,0.0,0.01,OK
Receita Líquida,2025-08 | Forecast 6+6,0.0,0.01,OK
Lucro Bruto,2025-08 | Forecast 6+6,0.0,0.01,OK
EBITDA,2025-08 | Forecast 6+6,0.0,0.01,OK
Lucro Líquido,2025-08 | Forecast 6+6,0.0,0.01,OK
FCL,2025-08 | Forecast 6+6,0.0,0.01,OK
NCG completa,2025-08 | Forecast 6+6,0.0,0.01,OK
Financiamento,2025-08 | Forecast 6+6,0.0,0.01,OK
Ativo=Passivo+PL,2025-09 | Forecast 6+6,0.0,0.01,OK
FCO Direto=Indireto,2025-09 | Forecast 6+6,2.4010660126805305e-10,0.01,OK
Caixa Inicial+Fluxos=Final,2025-09 | Forecast 6+6,0.0,0.01,OK
Receita Líquida,2025-09 | Forecast 6+6,0.0,0.01,OK
Lucro Bruto,2025-09 | Forecast 6+6,0.0,0.01,OK
EBITDA,2025-09 | Forecast 6+6,0.0,0.01,OK
Lucro Líquido,2025-09 | Forecast 6+6,0.0,0.01,OK
FCL,2025-09 | Forecast 6+6,0.0,0.01,OK
NCG completa,2025-09 | Forecast 6+6,0.0,0.01,OK
Financiamento,2025-09 | Forecast 6+6,0.0,0.01,OK
Ativo=Passivo+PL,2025-10 | Forecast 6+6,9.313225746154785e-10,0.01,OK
FCO Direto=Indireto,2025-10 | Forecast 6+6,1.1641532182693481e-10,0.01,OK
Caixa Inicial+Fluxos=Final,2025-10 | Forecast 6+6,0.0,0.01,OK
Receita Líquida,2025-10 | Forecast 6+6,0.0,0.01,OK
Lucro Bruto,2025-10 | Forecast 6+6,0.0,0.01,OK
EBITDA,2025-10 | Forecast 6+6,0.0,0.01,OK
Lucro Líquido,2025-10 | Forecast 6+6,0.0,0.01,OK
FCL,2025-10 | Forecast 6+6,0.0,0.01,OK
NCG completa,2025-10 | Forecast 6+6,0.0,0.01,OK
Financiamento,2025-10 | Forecast 6+6,0.0,0.01,OK
Ativo=Passivo+PL,2025-11 | Forecast 6+6,0.0,0.01,OK
FCO Direto=Indireto,2025-11 | Forecast 6+6,1.1641532182693481e-10,0.01,OK
Caixa Inicial+Fluxos=Final,2025-11 | Forecast 6+6,0.0,0.01,OK
Receita Líquida,2025-11 | Forecast 6+6,0.0,0.01,OK
Lucro Bruto,2025-11 | Forecast 6+6,0.0,0.01,OK
EBITDA,2025-11 | Forecast 6+6,0.0,0.01,OK
Lucro Líquido,2025-11 | Forecast 6+6,0.0,0.01,OK
FCL,2025-11 | Forecast 6+6,0.0,0.01,OK
NCG completa,2025-11 | Forecast 6+6,0.0,0.01,OK
Financiamento,2025-11 | Forecast 6+6,0.0,0.01,OK
Ativo=Passivo+PL,2025-12 | Forecast 6+6,0.0,0.01,OK
FCO Direto=Indireto,2025-12 | Forecast 6+6,1.7462298274040222e-10,0.01,OK
Caixa Inicial+Fluxos=Final,2025-12 | Forecast 6+6,0.0,0.01,OK
Receita Líquida,2025-12 | Forecast 6+6,0.0,0.01,OK
Lucro Bruto,2025-12 | Forecast 6+6,0.0,0.01,OK
EBITDA,2025-12 | Forecast 6+6,0.0,0.01,OK
Lucro Líquido,2025-12 | Forecast 6+6,0.0,0.01,OK
FCL,2025-12 | Forecast 6+6,0.0,0.01,OK
NCG completa,2025-12 | Forecast 6+6,0.0,0.01,OK
Financiamento,2025-12 | Forecast 6+6,0.0,0.01,OK
Ativo=Passivo+PL,2026-01 | Base 2026,9.313225746154785e-10,0.01,OK
FCO Direto=Indireto,2026-01 | Base 2026,5.820766091346741e-10,0.01,OK
Caixa Inicial+Fluxos=Final,2026-01 | Base 2026,0.0,0.01,OK
Receita Líquida,2026-01 | Base 2026,0.0,0.01,OK
Lucro Bruto,2026-01 | Base 2026,0.0,0.01,OK
EBITDA,2026-01 | Base 2026,0.0,0.01,OK
Lucro Líquido,2026-01 | Base 2026,0.0,0.01,OK
FCL,2026-01 | Base 2026,0.0,0.01,OK
NCG completa,2026-01 | Base 2026,0.0,0.01,OK
Financiamento,2026-01 | Base 2026,0.0,0.01,OK
Ativo=Passivo+PL,2026-02 | Base 2026,0.0,0.01,OK
FCO Direto=Indireto,2026-02 | Base 2026,1.6007106751203537e-10,0.01,OK
Caixa Inicial+Fluxos=Final,2026-02 | Base 2026,0.0,0.01,OK
Receita Líquida,2026-02 | Base 2026,0.0,0.01,OK
Lucro Bruto,2026-02 | Base 2026,0.0,0.01,OK
EBITDA,2026-02 | Base 2026,0.0,0.01,OK
Lucro Líquido,2026-02 | Base 2026,0.0,0.01,OK
FCL,2026-02 | Base 2026,0.0,0.01,OK
NCG completa,2026-02 | Base 2026,0.0,0.01,OK
Financiamento,2026-02 | Base 2026,0.0,0.01,OK
Ativo=Passivo+PL,2026-03 | Base 2026,9.313225746154785e-10,0.01,OK
FCO Direto=Indireto,2026-03 | Base 2026,2.3283064365386963e-10,0.01,OK
Caixa Inicial+Fluxos=Final,2026-03 | Base 2026,0.0,0.01,OK
Receita Líquida,2026-03 | Base 2026,0.0,0.01,OK
Lucro Bruto,2026-03 | Base 2026,0.0,0.01,OK
EBITDA,2026-03 | Base 2026,0.0,0.01,OK
Lucro Líquido,2026-03 | Base 2026,0.0,0.01,OK
FCL,2026-03 | Base 2026,0.0,0.01,OK
NCG completa,2026-03 | Base 2026,0.0,0.01,OK
Financiamento,2026-03 | Base 2026,0.0,0.01,OK
Ativo=Passivo+PL,2026-04 | Base 2026,0.0,0.01,OK
FCO Direto=Indireto,2026-04 | Base 2026,4.220055416226387e-10,0.01,OK
Caixa Inicial+Fluxos=Final,2026-04 | Base 2026,0.0,0.01,OK
Receita Líquida,2026-04 | Base 2026,0.0,0.01,OK
Lucro Bruto,2026-04 | Base 2026,0.0,0.01,OK
EBITDA,2026-04 | Base 2026,0.0,0.01,OK
Lucro Líquido,2026-04 | Base 2026,0.0,0.01,OK
FCL,2026-04 | Base 2026,0.0,0.01,OK
NCG completa,2026-04 | Base 2026,0.0,0.01,OK
Financiamento,2026-04 | Base 2026,0.0,0.01,OK
Ativo=Passivo+PL,2026-05 | Base 2026,9.313225746154785e-10,0.01,OK
FCO Direto=Indireto,2026-05 | Base 2026,1.382431946694851e-10,0.01,OK
Caixa Inicial+Fluxos=Final,2026-05 | Base 2026,0.0,0.01,OK
Receita Líquida,2026-05 | Base 2026,0.0,0.01,OK
Lucro Bruto,2026-05 | Base 2026,0.0,0.01,OK
EBITDA,2026-05 | Base 2026,0.0,0.01,OK
Lucro Líquido,2026-05 | Base 2026,0.0,0.01,OK
FCL,2026-05 | Base 2026,0.0,0.01,OK
NCG completa,2026-05 | Base 2026,0.0,0.01,OK
Financiamento,2026-05 | Base 2026,0.0,0.01,OK
Ativo=Passivo+PL,2026-06 | Base 2026,9.313225746154785e-10,0.01,OK
FCO Direto=Indireto,2026-06 | Base 2026,7.275957614183426e-12,0.01,OK
Caixa Inicial+Fluxos=Final,2026-06 | Base 2026,0.0,0.01,OK
Receita Líquida,2026-06 | Base 2026,0.0,0.01,OK
Lucro Bruto,2026-06 | Base 2026,0.0,0.01,OK
EBITDA,2026-06 | Base 2026,0.0,0.01,OK
Lucro Líquido,2026-06 | Base 2026,0.0,0.01,OK
FCL,2026-06 | Base 2026,0.0,0.01,OK
NCG completa,2026-06 | Base 2026,0.0,0.01,OK
Financiamento,2026-06 | Base 2026,0.0,0.01,OK
Ativo=Passivo+PL,2026-07 | Base 2026,0.0,0.01,OK
FCO Direto=Indireto,2026-07 | Base 2026,2.3283064365386963e-10,0.01,OK
Caixa Inicial+Fluxos=Final,2026-07 | Base 2026,0.0,0.01,OK
Receita Líquida,2026-07 | Base 2026,0.0,0.01,OK
Lucro Bruto,2026-07 | Base 2026,0.0,0.01,OK
EBITDA,2026-07 | Base 2026,0.0,0.01,OK
Lucro Líquido,2026-07 | Base 2026,0.0,0.01,OK
FCL,2026-07 | Base 2026,0.0,0.01,OK
NCG completa,2026-07 | Base 2026,0.0,0.01,OK
Financiamento,2026-07 | Base 2026,0.0,0.01,OK
Ativo=Passivo+PL,2026-08 | Base 2026,9.313225746154785e-10,0.01,OK
FCO Direto=Indireto,2026-08 | Base 2026,2.1827872842550278e-10,0.01,OK
Caixa Inicial+Fluxos=Final,2026-08 | Base 2026,2.3283064365386963e-10,0.01,OK
Receita Líquida,2026-08 | Base 2026,0.0,0.01,OK
Lucro Bruto,2026-08 | Base 2026,0.0,0.01,OK
EBITDA,2026-08 | Base 2026,0.0,0.01,OK
Lucro Líquido,2026-08 | Base 2026,0.0,0.01,OK
FCL,2026-08 | Base 2026,0.0,0.01,OK
NCG completa,2026-08 | Base 2026,0.0,0.01,OK
Financiamento,2026-08 | Base 2026,0.0,0.01,OK
Ativo=Passivo+PL,2026-09 | Base 2026,0.0,0.01,OK
FCO Direto=Indireto,2026-09 | Base 2026,1.0186340659856796e-10,0.01,OK
Caixa Inicial+Fluxos=Final,2026-09 | Base 2026,0.0,0.01,OK
Receita Líquida,2026-09 | Base 2026,0.0,0.01,OK
Lucro Bruto,2026-09 | Base 2026,0.0,0.01,OK
EBITDA,2026-09 | Base 2026,0.0,0.01,OK
Lucro Líquido,2026-09 | Base 2026,0.0,0.01,OK
FCL,2026-09 | Base 2026,0.0,0.01,OK
NCG completa,2026-09 | Base 2026,0.0,0.01,OK
Financiamento,2026-09 | Base 2026,0.0,0.01,OK
Ativo=Passivo+PL,2026-10 | Base 2026,0.0,0.01,OK
FCO Direto=Indireto,2026-10 | Base 2026,4.0745362639427185e-10,0.01,OK
Caixa Inicial+Fluxos=Final,2026-10 | Base 2026,0.0,0.01,OK
Receita Líquida,2026-10 | Base 2026,0.0,0.01,OK
Lucro Bruto,2026-10 | Base 2026,0.0,0.01,OK
EBITDA,2026-10 | Base 2026,0.0,0.01,OK
Lucro Líquido,2026-10 | Base 2026,0.0,0.01,OK
FCL,2026-10 | Base 2026,0.0,0.01,OK
NCG completa,2026-10 | Base 2026,0.0,0.01,OK
Financiamento,2026-10 | Base 2026,0.0,0.01,OK
Ativo=Passivo+PL,2026-11 | Base 2026,0.0,0.01,OK
FCO Direto=Indireto,2026-11 | Base 2026,1.7462298274040222e-10,0.01,OK
Caixa Inicial+Fluxos=Final,2026-11 | Base 2026,0.0,0.01,OK
Receita Líquida,2026-11 | Base 2026,0.0,0.01,OK
Lucro Bruto,2026-11 | Base 2026,0.0,0.01,OK
EBITDA,2026-11 | Base 2026,0.0,0.01,OK
Lucro Líquido,2026-11 | Base 2026,0.0,0.01,OK
FCL,2026-11 | Base 2026,0.0,0.01,OK
NCG completa,2026-11 | Base 2026,0.0,0.01,OK
Financiamento,2026-11 | Base 2026,0.0,0.01,OK
Ativo=Passivo+PL,2026-12 | Base 2026,0.0,0.01,OK
FCO Direto=Indireto,2026-12 | Base 2026,6.984919309616089e-10,0.01,OK
Caixa Inicial+Fluxos=Final,2026-12 | Base 2026,0.0,0.01,OK
Receita Líquida,2026-12 | Base 2026,0.0,0.01,OK
Lucro Bruto,2026-12 | Base 2026,0.0,0.01,OK
EBITDA,2026-12 | Base 2026,0.0,0.01,OK
Lucro Líquido,2026-12 | Base 2026,0.0,0.01,OK
FCL,2026-12 | Base 2026,0.0,0.01,OK
NCG completa,2026-12 | Base 2026,0.0,0.01,OK
Financiamento,2026-12 | Base 2026,0.0,0.01,OK
Ativo=Passivo+PL,2026-01 | Otimista 2026,0.0,0.01,OK
FCO Direto=Indireto,2026-01 | Otimista 2026,6.984919309616089e-10,0.01,OK
Caixa Inicial+Fluxos=Final,2026-01 | Otimista 2026,0.0,0.01,OK
Receita Líquida,2026-01 | Otimista 2026,0.0,0.01,OK
Lucro Bruto,2026-01 | Otimista 2026,0.0,0.01,OK
EBITDA,2026-01 | Otimista 2026,0.0,0.01,OK
Lucro Líquido,2026-01 | Otimista 2026,0.0,0.01,OK
FCL,2026-01 | Otimista 2026,0.0,0.01,OK
NCG completa,2026-01 | Otimista 2026,0.0,0.01,OK
Financiamento,2026-01 | Otimista 2026,0.0,0.01,OK
Ativo=Passivo+PL,2026-02 | Otimista 2026,0.0,0.01,OK
FCO Direto=Indireto,2026-02 | Otimista 2026,2.1827872842550278e-11,0.01,OK
Caixa Inicial+Fluxos=Final,2026-02 | Otimista 2026,0.0,0.01,OK
Receita Líquida,2026-02 | Otimista 2026,0.0,0.01,OK
Lucro Bruto,2026-02 | Otimista 2026,0.0,0.01,OK
EBITDA,2026-02 | Otimista 2026,0.0,0.01,OK
Lucro Líquido,2026-02 | Otimista 2026,0.0,0.01,OK
FCL,2026-02 | Otimista 2026,0.0,0.01,OK
NCG completa,2026-02 | Otimista 2026,0.0,0.01,OK
Financiamento,2026-02 | Otimista 2026,0.0,0.01,OK
Ativo=Passivo+PL,2026-03 | Otimista 2026,0.0,0.01,OK
FCO Direto=Indireto,2026-03 | Otimista 2026,8.731149137020111e-11,0.01,OK
Caixa Inicial+Fluxos=Final,2026-03 | Otimista 2026,0.0,0.01,OK
Receita Líquida,2026-03 | Otimista 2026,0.0,0.01,OK
Lucro Bruto,2026-03 | Otimista 2026,0.0,0.01,OK
EBITDA,2026-03 | Otimista 2026,0.0,0.01,OK
Lucro Líquido,2026-03 | Otimista 2026,0.0,0.01,OK
FCL,2026-03 | Otimista 2026,0.0,0.01,OK
NCG completa,2026-03 | Otimista 2026,0.0,0.01,OK
Financiamento,2026-03 | Otimista 2026,0.0,0.01,OK
Ativo=Passivo+PL,2026-04 | Otimista 2026,9.313225746154785e-10,0.01,OK
FCO Direto=Indireto,2026-04 | Otimista 2026,4.3655745685100555e-10,0.01,OK
Caixa Inicial+Fluxos=Final,2026-04 | Otimista 2026,0.0,0.01,OK
Receita Líquida,2026-04 | Otimista 2026,0.0,0.01,OK
Lucro Bruto,2026-04 | Otimista 2026,0.0,0.01,OK
EBITDA,2026-04 | Otimista 2026,0.0,0.01,OK
Lucro Líquido,2026-04 | Otimista 2026,0.0,0.01,OK
FCL,2026-04 | Otimista 2026,0.0,0.01,OK
NCG completa,2026-04 | Otimista 2026,0.0,0.01,OK
Financiamento,2026-04 | Otimista 2026,0.0,0.01,OK
Ativo=Passivo+PL,2026-05 | Otimista 2026,9.313225746154785e-10,0.01,OK
FCO Direto=Indireto,2026-05 | Otimista 2026,2.1100277081131935e-10,0.01,OK
Caixa Inicial+Fluxos=Final,2026-05 | Otimista 2026,0.0,0.01,OK
Receita Líquida,2026-05 | Otimista 2026,0.0,0.01,OK
Lucro Bruto,2026-05 | Otimista 2026,0.0,0.01,OK
EBITDA,2026-05 | Otimista 2026,0.0,0.01,OK
Lucro Líquido,2026-05 | Otimista 2026,0.0,0.01,OK
FCL,2026-05 | Otimista 2026,0.0,0.01,OK
NCG completa,2026-05 | Otimista 2026,0.0,0.01,OK
Financiamento,2026-05 | Otimista 2026,0.0,0.01,OK
Ativo=Passivo+PL,2026-06 | Otimista 2026,1.862645149230957e-09,0.01,OK
FCO Direto=Indireto,2026-06 | Otimista 2026,2.3283064365386963e-10,0.01,OK
Caixa Inicial+Fluxos=Final,2026-06 | Otimista 2026,0.0,0.01,OK
Receita Líquida,2026-06 | Otimista 2026,0.0,0.01,OK
Lucro Bruto,2026-06 | Otimista 2026,0.0,0.01,OK
EBITDA,2026-06 | Otimista 2026,0.0,0.01,OK
Lucro Líquido,2026-06 | Otimista 2026,0.0,0.01,OK
FCL,2026-06 | Otimista 2026,0.0,0.01,OK
NCG completa,2026-06 | Otimista 2026,0.0,0.01,OK
Financiamento,2026-06 | Otimista 2026,0.0,0.01,OK
Ativo=Passivo+PL,2026-07 | Otimista 2026,9.313225746154785e-10,0.01,OK
FCO Direto=Indireto,2026-07 | Otimista 2026,0.0,0.01,OK
Caixa Inicial+Fluxos=Final,2026-07 | Otimista 2026,0.0,0.01,OK
Receita Líquida,2026-07 | Otimista 2026,0.0,0.01,OK
Lucro Bruto,2026-07 | Otimista 2026,0.0,0.01,OK
EBITDA,2026-07 | Otimista 2026,0.0,0.01,OK
Lucro Líquido,2026-07 | Otimista 2026,0.0,0.01,OK
FCL,2026-07 | Otimista 2026,0.0,0.01,OK
NCG completa,2026-07 | Otimista 2026,0.0,0.01,OK
Financiamento,2026-07 | Otimista 2026,0.0,0.01,OK
Ativo=Passivo+PL,2026-08 | Otimista 2026,9.313225746154785e-10,0.01,OK
FCO Direto=Indireto,2026-08 | Otimista 2026,6.548361852765083e-10,0.01,OK
Caixa Inicial+Fluxos=Final,2026-08 | Otimista 2026,0.0,0.01,OK
Receita Líquida,2026-08 | Otimista 2026,0.0,0.01,OK
Lucro Bruto,2026-08 | Otimista 2026,0.0,0.01,OK
EBITDA,2026-08 | Otimista 2026,0.0,0.01,OK
Lucro Líquido,2026-08 | Otimista 2026,0.0,0.01,OK
FCL,2026-08 | Otimista 2026,0.0,0.01,OK
NCG completa,2026-08 | Otimista 2026,0.0,0.01,OK
Financiamento,2026-08 | Otimista 2026,0.0,0.01,OK
Ativo=Passivo+PL,2026-09 | Otimista 2026,0.0,0.01,OK
FCO Direto=Indireto,2026-09 | Otimista 2026,2.9103830456733704e-10,0.01,OK
Caixa Inicial+Fluxos=Final,2026-09 | Otimista 2026,0.0,0.01,OK
Receita Líquida,2026-09 | Otimista 2026,0.0,0.01,OK
Lucro Bruto,2026-09 | Otimista 2026,0.0,0.01,OK
EBITDA,2026-09 | Otimista 2026,0.0,0.01,OK
Lucro Líquido,2026-09 | Otimista 2026,0.0,0.01,OK
FCL,2026-09 | Otimista 2026,0.0,0.01,OK
NCG completa,2026-09 | Otimista 2026,0.0,0.01,OK
Financiamento,2026-09 | Otimista 2026,0.0,0.01,OK
Ativo=Passivo+PL,2026-10 | Otimista 2026,0.0,0.01,OK
FCO Direto=Indireto,2026-10 | Otimista 2026,1.7462298274040222e-10,0.01,OK
Caixa Inicial+Fluxos=Final,2026-10 | Otimista 2026,0.0,0.01,OK
Receita Líquida,2026-10 | Otimista 2026,0.0,0.01,OK
Lucro Bruto,2026-10 | Otimista 2026,0.0,0.01,OK
EBITDA,2026-10 | Otimista 2026,0.0,0.01,OK
Lucro Líquido,2026-10 | Otimista 2026,0.0,0.01,OK
FCL,2026-10 | Otimista 2026,0.0,0.01,OK
NCG completa,2026-10 | Otimista 2026,0.0,0.01,OK
Financiamento,2026-10 | Otimista 2026,0.0,0.01,OK
Ativo=Passivo+PL,2026-11 | Otimista 2026,0.0,0.01,OK
FCO Direto=Indireto,2026-11 | Otimista 2026,2.9103830456733704e-10,0.01,OK
Caixa Inicial+Fluxos=Final,2026-11 | Otimista 2026,0.0,0.01,OK
Receita Líquida,2026-11 | Otimista 2026,0.0,0.01,OK
Lucro Bruto,2026-11 | Otimista 2026,0.0,0.01,OK
EBITDA,2026-11 | Otimista 2026,0.0,0.01,OK
Lucro Líquido,2026-11 | Otimista 2026,0.0,0.01,OK
FCL,2026-11 | Otimista 2026,0.0,0.01,OK
NCG completa,2026-11 | Otimista 2026,0.0,0.01,OK
Financiamento,2026-11 | Otimista 2026,0.0,0.01,OK
Ativo=Passivo+PL,2026-12 | Otimista 2026,1.862645149230957e-09,0.01,OK
FCO Direto=Indireto,2026-12 | Otimista 2026,5.238689482212067e-10,0.01,OK
Caixa Inicial+Fluxos=Final,2026-12 | Otimista 2026,0.0,0.01,OK
Receita Líquida,2026-12 | Otimista 2026,0.0,0.01,OK
Lucro Bruto,2026-12 | Otimista 2026,0.0,0.01,OK
EBITDA,2026-12 | Otimista 2026,0.0,0.01,OK
Lucro Líquido,2026-12 | Otimista 2026,0.0,0.01,OK
FCL,2026-12 | Otimista 2026,0.0,0.01,OK
NCG completa,2026-12 | Otimista 2026,0.0,0.01,OK
Financiamento,2026-12 | Otimista 2026,0.0,0.01,OK
Ativo=Passivo+PL,2026-01 | Adverso 2026,0.0,0.01,OK
FCO Direto=Indireto,2026-01 | Adverso 2026,4.3655745685100555e-11,0.01,OK
Caixa Inicial+Fluxos=Final,2026-01 | Adverso 2026,0.0,0.01,OK
Receita Líquida,2026-01 | Adverso 2026,0.0,0.01,OK
Lucro Bruto,2026-01 | Adverso 2026,0.0,0.01,OK
EBITDA,2026-01 | Adverso 2026,0.0,0.01,OK
Lucro Líquido,2026-01 | Adverso 2026,0.0,0.01,OK
FCL,2026-01 | Adverso 2026,0.0,0.01,OK
NCG completa,2026-01 | Adverso 2026,0.0,0.01,OK
Financiamento,2026-01 | Adverso 2026,0.0,0.01,OK
Ativo=Passivo+PL,2026-02 | Adverso 2026,0.0,0.01,OK
FCO Direto=Indireto,2026-02 | Adverso 2026,2.0372681319713593e-10,0.01,OK
Caixa Inicial+Fluxos=Final,2026-02 | Adverso 2026,0.0,0.01,OK
Receita Líquida,2026-02 | Adverso 2026,0.0,0.01,OK
Lucro Bruto,2026-02 | Adverso 2026,0.0,0.01,OK
EBITDA,2026-02 | Adverso 2026,0.0,0.01,OK
Lucro Líquido,2026-02 | Adverso 2026,0.0,0.01,OK
FCL,2026-02 | Adverso 2026,0.0,0.01,OK
NCG completa,2026-02 | Adverso 2026,0.0,0.01,OK
Financiamento,2026-02 | Adverso 2026,0.0,0.01,OK
Ativo=Passivo+PL,2026-03 | Adverso 2026,0.0,0.01,OK
FCO Direto=Indireto,2026-03 | Adverso 2026,0.0,0.01,OK
Caixa Inicial+Fluxos=Final,2026-03 | Adverso 2026,2.3283064365386963e-10,0.01,OK
Receita Líquida,2026-03 | Adverso 2026,0.0,0.01,OK
Lucro Bruto,2026-03 | Adverso 2026,0.0,0.01,OK
EBITDA,2026-03 | Adverso 2026,0.0,0.01,OK
Lucro Líquido,2026-03 | Adverso 2026,0.0,0.01,OK
FCL,2026-03 | Adverso 2026,0.0,0.01,OK
NCG completa,2026-03 | Adverso 2026,0.0,0.01,OK
Financiamento,2026-03 | Adverso 2026,0.0,0.01,OK
Ativo=Passivo+PL,2026-04 | Adverso 2026,0.0,0.01,OK
FCO Direto=Indireto,2026-04 | Adverso 2026,1.0186340659856796e-10,0.01,OK
Caixa Inicial+Fluxos=Final,2026-04 | Adverso 2026,0.0,0.01,OK
Receita Líquida,2026-04 | Adverso 2026,0.0,0.01,OK
Lucro Bruto,2026-04 | Adverso 2026,0.0,0.01,OK
EBITDA,2026-04 | Adverso 2026,0.0,0.01,OK
Lucro Líquido,2026-04 | Adverso 2026,0.0,0.01,OK
FCL,2026-04 | Adverso 2026,0.0,0.01,OK
NCG completa,2026-04 | Adverso 2026,0.0,0.01,OK
Financiamento,2026-04 | Adverso 2026,0.0,0.01,OK
Ativo=Passivo+PL,2026-05 | Adverso 2026,0.0,0.01,OK
FCO Direto=Indireto,2026-05 | Adverso 2026,2.3283064365386963e-10,0.01,OK
Caixa Inicial+Fluxos=Final,2026-05 | Adverso 2026,0.0,0.01,OK
Receita Líquida,2026-05 | Adverso 2026,0.0,0.01,OK
Lucro Bruto,2026-05 | Adverso 2026,0.0,0.01,OK
EBITDA,2026-05 | Adverso 2026,0.0,0.01,OK
Lucro Líquido,2026-05 | Adverso 2026,0.0,0.01,OK
FCL,2026-05 | Adverso 2026,0.0,0.01,OK
NCG completa,2026-05 | Adverso 2026,0.0,0.01,OK
Financiamento,2026-05 | Adverso 2026,0.0,0.01,OK
Ativo=Passivo+PL,2026-06 | Adverso 2026,1.862645149230957e-09,0.01,OK
FCO Direto=Indireto,2026-06 | Adverso 2026,6.548361852765083e-10,0.01,OK
Caixa Inicial+Fluxos=Final,2026-06 | Adverso 2026,0.0,0.01,OK
Receita Líquida,2026-06 | Adverso 2026,0.0,0.01,OK
Lucro Bruto,2026-06 | Adverso 2026,0.0,0.01,OK
EBITDA,2026-06 | Adverso 2026,0.0,0.01,OK
Lucro Líquido,2026-06 | Adverso 2026,0.0,0.01,OK
FCL,2026-06 | Adverso 2026,0.0,0.01,OK
NCG completa,2026-06 | Adverso 2026,0.0,0.01,OK
Financiamento,2026-06 | Adverso 2026,0.0,0.01,OK
Ativo=Passivo+PL,2026-07 | Adverso 2026,0.0,0.01,OK
FCO Direto=Indireto,2026-07 | Adverso 2026,4.656612873077393e-10,0.01,OK
Caixa Inicial+Fluxos=Final,2026-07 | Adverso 2026,0.0,0.01,OK
Receita Líquida,2026-07 | Adverso 2026,0.0,0.01,OK
Lucro Bruto,2026-07 | Adverso 2026,0.0,0.01,OK
EBITDA,2026-07 | Adverso 2026,0.0,0.01,OK
Lucro Líquido,2026-07 | Adverso 2026,0.0,0.01,OK
FCL,2026-07 | Adverso 2026,0.0,0.01,OK
NCG completa,2026-07 | Adverso 2026,0.0,0.01,OK
Financiamento,2026-07 | Adverso 2026,0.0,0.01,OK
Ativo=Passivo+PL,2026-08 | Adverso 2026,1.862645149230957e-09,0.01,OK
FCO Direto=Indireto,2026-08 | Adverso 2026,5.820766091346741e-11,0.01,OK
Caixa Inicial+Fluxos=Final,2026-08 | Adverso 2026,0.0,0.01,OK
Receita Líquida,2026-08 | Adverso 2026,0.0,0.01,OK
Lucro Bruto,2026-08 | Adverso 2026,0.0,0.01,OK
EBITDA,2026-08 | Adverso 2026,0.0,0.01,OK
Lucro Líquido,2026-08 | Adverso 2026,0.0,0.01,OK
FCL,2026-08 | Adverso 2026,0.0,0.01,OK
NCG completa,2026-08 | Adverso 2026,0.0,0.01,OK
Financiamento,2026-08 | Adverso 2026,0.0,0.01,OK
Ativo=Passivo+PL,2026-09 | Adverso 2026,0.0,0.01,OK
FCO Direto=Indireto,2026-09 | Adverso 2026,4.0745362639427185e-10,0.01,OK
Caixa Inicial+Fluxos=Final,2026-09 | Adverso 2026,0.0,0.01,OK
Receita Líquida,2026-09 | Adverso 2026,0.0,0.01,OK
Lucro Bruto,2026-09 | Adverso 2026,0.0,0.01,OK
EBITDA,2026-09 | Adverso 2026,0.0,0.01,OK
Lucro Líquido,2026-09 | Adverso 2026,0.0,0.01,OK
FCL,2026-09 | Adverso 2026,0.0,0.01,OK
NCG completa,2026-09 | Adverso 2026,0.0,0.01,OK
Financiamento,2026-09 | Adverso 2026,0.0,0.01,OK
Ativo=Passivo+PL,2026-10 | Adverso 2026,0.0,0.01,OK
FCO Direto=Indireto,2026-10 | Adverso 2026,1.1641532182693481e-10,0.01,OK
Caixa Inicial+Fluxos=Final,2026-10 | Adverso 2026,0.0,0.01,OK
Receita Líquida,2026-10 | Adverso 2026,0.0,0.01,OK
Lucro Bruto,2026-10 | Adverso 2026,0.0,0.01,OK
EBITDA,2026-10 | Adverso 2026,0.0,0.01,OK
Lucro Líquido,2026-10 | Adverso 2026,0.0,0.01,OK
FCL,2026-10 | Adverso 2026,0.0,0.01,OK
NCG completa,2026-10 | Adverso 2026,0.0,0.01,OK
Financiamento,2026-10 | Adverso 2026,0.0,0.01,OK
Ativo=Passivo+PL,2026-11 | Adverso 2026,0.0,0.01,OK
FCO Direto=Indireto,2026-11 | Adverso 2026,4.656612873077393e-10,0.01,OK
Caixa Inicial+Fluxos=Final,2026-11 | Adverso 2026,0.0,0.01,OK
Receita Líquida,2026-11 | Adverso 2026,0.0,0.01,OK
Lucro Bruto,2026-11 | Adverso 2026,0.0,0.01,OK
EBITDA,2026-11 | Adverso 2026,0.0,0.01,OK
Lucro Líquido,2026-11 | Adverso 2026,0.0,0.01,OK
FCL,2026-11 | Adverso 2026,0.0,0.01,OK
NCG completa,2026-11 | Adverso 2026,0.0,0.01,OK
Financiamento,2026-11 | Adverso 2026,0.0,0.01,OK
Ativo=Passivo+PL,2026-12 | Adverso 2026,0.0,0.01,OK
FCO Direto=Indireto,2026-12 | Adverso 2026,2.3283064365386963e-10,0.01,OK
Caixa Inicial+Fluxos=Final,2026-12 | Adverso 2026,0.0,0.01,OK
Receita Líquida,2026-12 | Adverso 2026,0.0,0.01,OK
Lucro Bruto,2026-12 | Adverso 2026,0.0,0.01,OK
EBITDA,2026-12 | Adverso 2026,0.0,0.01,OK
Lucro Líquido,2026-12 | Adverso 2026,0.0,0.01,OK
FCL,2026-12 | Adverso 2026,0.0,0.01,OK
NCG completa,2026-12 | Adverso 2026,0.0,0.01,OK
Financiamento,2026-12 | Adverso 2026,0.0,0.01,OK
Continuidade Caixa,Realizado | 2024-02,0.0,0.01,OK
Continuidade Caixa,Realizado | 2024-03,0.0,0.01,OK
Continuidade Caixa,Realizado | 2024-04,0.0,0.01,OK
Continuidade Caixa,Realizado | 2024-05,0.0,0.01,OK
Continuidade Caixa,Realizado | 2024-06,0.0,0.01,OK
Continuidade Caixa,Realizado | 2024-07,0.0,0.01,OK
Continuidade Caixa,Realizado | 2024-08,0.0,0.01,OK
Continuidade Caixa,Realizado | 2024-09,0.0,0.01,OK
Continuidade Caixa,Realizado | 2024-10,0.0,0.01,OK
Continuidade Caixa,Realizado | 2024-11,0.0,0.01,OK
Continuidade Caixa,Realizado | 2024-12,0.0,0.01,OK
Continuidade Caixa,Realizado | 2025-02,0.0,0.01,OK
Continuidade Caixa,Realizado | 2025-03,0.0,0.01,OK
Continuidade Caixa,Realizado | 2025-04,0.0,0.01,OK
Continuidade Caixa,Realizado | 2025-05,0.0,0.01,OK
Continuidade Caixa,Realizado | 2025-06,0.0,0.01,OK
Continuidade Caixa,Realizado | 2025-07,0.0,0.01,OK
Continuidade Caixa,Realizado | 2025-08,0.0,0.01,OK
Continuidade Caixa,Realizado | 2025-09,0.0,0.01,OK
Continuidade Caixa,Realizado | 2025-10,0.0,0.01,OK
Continuidade Caixa,Realizado | 2025-11,0.0,0.01,OK
Continuidade Caixa,Realizado | 2025-12,0.0,0.01,OK
Continuidade Caixa,Orçamento | 2024-02,0.0,0.01,OK
Continuidade Caixa,Orçamento | 2024-03,0.0,0.01,OK
Continuidade Caixa,Orçamento | 2024-04,0.0,0.01,OK
Continuidade Caixa,Orçamento | 2024-05,0.0,0.01,OK
Continuidade Caixa,Orçamento | 2024-06,0.0,0.01,OK
Continuidade Caixa,Orçamento | 2024-07,0.0,0.01,OK
Continuidade Caixa,Orçamento | 2024-08,0.0,0.01,OK
Continuidade Caixa,Orçamento | 2024-09,0.0,0.01,OK
Continuidade Caixa,Orçamento | 2024-10,0.0,0.01,OK
Continuidade Caixa,Orçamento | 2024-11,0.0,0.01,OK
Continuidade Caixa,Orçamento | 2024-12,0.0,0.01,OK
Continuidade Caixa,Orçamento | 2025-02,0.0,0.01,OK
Continuidade Caixa,Orçamento | 2025-03,0.0,0.01,OK
Continuidade Caixa,Orçamento | 2025-04,0.0,0.01,OK
Continuidade Caixa,Orçamento | 2025-05,0.0,0.01,OK
Continuidade Caixa,Orçamento | 2025-06,0.0,0.01,OK
Continuidade Caixa,Orçamento | 2025-07,0.0,0.01,OK
Continuidade Caixa,Orçamento | 2025-08,0.0,0.01,OK
Continuidade Caixa,Orçamento | 2025-09,0.0,0.01,OK
Continuidade Caixa,Orçamento | 2025-10,0.0,0.01,OK
Continuidade Caixa,Orçamento | 2025-11,0.0,0.01,OK
Continuidade Caixa,Orçamento | 2025-12,0.0,0.01,OK
Continuidade Caixa,Forecast 6+6 | 2025-02,0.0,0.01,OK
Continuidade Caixa,Forecast 6+6 | 2025-03,0.0,0.01,OK
Continuidade Caixa,Forecast 6+6 | 2025-04,0.0,0.01,OK
Continuidade Caixa,Forecast 6+6 | 2025-05,0.0,0.01,OK
Continuidade Caixa,Forecast 6+6 | 2025-06,0.0,0.01,OK
Continuidade Caixa,Forecast 6+6 | 2025-07,0.0,0.01,OK
Continuidade Caixa,Forecast 6+6 | 2025-08,0.0,0.01,OK
Continuidade Caixa,Forecast 6+6 | 2025-09,0.0,0.01,OK
Continuidade Caixa,Forecast 6+6 | 2025-10,0.0,0.01,OK
Continuidade Caixa,Forecast 6+6 | 2025-11,0.0,0.01,OK
Continuidade Caixa,Forecast 6+6 | 2025-12,0.0,0.01,OK
Continuidade Caixa,Base 2026 | 2026-02,0.0,0.01,OK
Continuidade Caixa,Base 2026 | 2026-03,0.0,0.01,OK
Continuidade Caixa,Base 2026 | 2026-04,0.0,0.01,OK
Continuidade Caixa,Base 2026 | 2026-05,0.0,0.01,OK
Continuidade Caixa,Base 2026 | 2026-06,0.0,0.01,OK
Continuidade Caixa,Base 2026 | 2026-07,0.0,0.01,OK
Continuidade Caixa,Base 2026 | 2026-08,0.0,0.01,OK
Continuidade Caixa,Base 2026 | 2026-09,0.0,0.01,OK
Continuidade Caixa,Base 2026 | 2026-10,0.0,0.01,OK
Continuidade Caixa,Base 2026 | 2026-11,0.0,0.01,OK
Continuidade Caixa,Base 2026 | 2026-12,0.0,0.01,OK
Abertura Cenário 2026,Base 2026,0.0,0.01,OK
Continuidade Caixa,Otimista 2026 | 2026-02,0.0,0.01,OK
Continuidade Caixa,Otimista 2026 | 2026-03,0.0,0.01,OK
Continuidade Caixa,Otimista 2026 | 2026-04,0.0,0.01,OK
Continuidade Caixa,Otimista 2026 | 2026-05,0.0,0.01,OK
Continuidade Caixa,Otimista 2026 | 2026-06,0.0,0.01,OK
Continuidade Caixa,Otimista 2026 | 2026-07,0.0,0.01,OK
Continuidade Caixa,Otimista 2026 | 2026-08,0.0,0.01,OK
Continuidade Caixa,Otimista 2026 | 2026-09,0.0,0.01,OK
Continuidade Caixa,Otimista 2026 | 2026-10,0.0,0.01,OK
Continuidade Caixa,Otimista 2026 | 2026-11,0.0,0.01,OK
Continuidade Caixa,Otimista 2026 | 2026-12,0.0,0.01,OK
Abertura Cenário 2026,Otimista 2026,0.0,0.01,OK
Continuidade Caixa,Adverso 2026 | 2026-02,0.0,0.01,OK
Continuidade Caixa,Adverso 2026 | 2026-03,0.0,0.01,OK
Continuidade Caixa,Adverso 2026 | 2026-04,0.0,0.01,OK
Continuidade Caixa,Adverso 2026 | 2026-05,0.0,0.01,OK
Continuidade Caixa,Adverso 2026 | 2026-06,0.0,0.01,OK
Continuidade Caixa,Adverso 2026 | 2026-07,0.0,0.01,OK
Continuidade Caixa,Adverso 2026 | 2026-08,0.0,0.01,OK
Continuidade Caixa,Adverso 2026 | 2026-09,0.0,0.01,OK
Continuidade Caixa,Adverso 2026 | 2026-10,0.0,0.01,OK
Continuidade Caixa,Adverso 2026 | 2026-11,0.0,0.01,OK
Continuidade Caixa,Adverso 2026 | 2026-12,0.0,0.01,OK
Abertura Cenário 2026,Adverso 2026,0.0,0.01,OK
Conciliação Patrimonial,2024-01 | 1101,4.656612873077393e-10,0.01,OK
Conciliação Patrimonial,2024-01 | 1102,0.0,0.01,OK
Conciliação Patrimonial,2024-01 | 1103,1.1641532182693481e-10,0.01,OK
Conciliação Patrimonial,2024-01 | 1201,0.0,0.01,OK
Conciliação Patrimonial,2024-01 | 1202,0.0,0.01,OK
Conciliação Patrimonial,2024-01 | 2101,0.0,0.01,OK
Conciliação Patrimonial,2024-01 | 2102,0.0,0.01,OK
Conciliação Patrimonial,2024-01 | 2103,0.0,0.01,OK
Conciliação Patrimonial,2024-01 | 2104,1.8189894035458565e-12,0.01,OK
Conciliação Patrimonial,2024-01 | 2201,0.0,0.01,OK
Conciliação Patrimonial,2024-01 | 3101,0.0,0.01,OK
Conciliação Patrimonial,2024-01 | 3102,0.0,0.01,OK
Conciliação Patrimonial,2024-02 | 1101,9.313225746154785e-10,0.01,OK
Conciliação Patrimonial,2024-02 | 1102,0.0,0.01,OK
Conciliação Patrimonial,2024-02 | 1103,0.0,0.01,OK
Conciliação Patrimonial,2024-02 | 1201,0.0,0.01,OK
Conciliação Patrimonial,2024-02 | 1202,0.0,0.01,OK
Conciliação Patrimonial,2024-02 | 2101,0.0,0.01,OK
Conciliação Patrimonial,2024-02 | 2102,0.0,0.01,OK
Conciliação Patrimonial,2024-02 | 2103,0.0,0.01,OK
Conciliação Patrimonial,2024-02 | 2104,0.0,0.01,OK
Conciliação Patrimonial,2024-02 | 2201,0.0,0.01,OK
Conciliação Patrimonial,2024-02 | 3101,0.0,0.01,OK
Conciliação Patrimonial,2024-02 | 3102,1.7462298274040222e-10,0.01,OK
Conciliação Patrimonial,2024-03 | 1101,1.3969838619232178e-09,0.01,OK
Conciliação Patrimonial,2024-03 | 1102,0.0,0.01,OK
Conciliação Patrimonial,2024-03 | 1103,0.0,0.01,OK
Conciliação Patrimonial,2024-03 | 1201,0.0,0.01,OK
Conciliação Patrimonial,2024-03 | 1202,0.0,0.01,OK
Conciliação Patrimonial,2024-03 | 2101,0.0,0.01,OK
Conciliação Patrimonial,2024-03 | 2102,0.0,0.01,OK
Conciliação Patrimonial,2024-03 | 2103,0.0,0.01,OK
Conciliação Patrimonial,2024-03 | 2104,0.0,0.01,OK
Conciliação Patrimonial,2024-03 | 2201,0.0,0.01,OK
Conciliação Patrimonial,2024-03 | 3101,0.0,0.01,OK
Conciliação Patrimonial,2024-03 | 3102,2.9103830456733704e-10,0.01,OK
Conciliação Patrimonial,2024-04 | 1101,9.313225746154785e-10,0.01,OK
Conciliação Patrimonial,2024-04 | 1102,0.0,0.01,OK
Conciliação Patrimonial,2024-04 | 1103,0.0,0.01,OK
Conciliação Patrimonial,2024-04 | 1201,0.0,0.01,OK
Conciliação Patrimonial,2024-04 | 1202,0.0,0.01,OK
Conciliação Patrimonial,2024-04 | 2101,0.0,0.01,OK
Conciliação Patrimonial,2024-04 | 2102,0.0,0.01,OK
Conciliação Patrimonial,2024-04 | 2103,0.0,0.01,OK
Conciliação Patrimonial,2024-04 | 2104,0.0,0.01,OK
Conciliação Patrimonial,2024-04 | 2201,0.0,0.01,OK
Conciliação Patrimonial,2024-04 | 3101,0.0,0.01,OK
Conciliação Patrimonial,2024-04 | 3102,3.4924596548080444e-10,0.01,OK
Conciliação Patrimonial,2024-05 | 1101,1.3969838619232178e-09,0.01,OK
Conciliação Patrimonial,2024-05 | 1102,0.0,0.01,OK
Conciliação Patrimonial,2024-05 | 1103,0.0,0.01,OK
Conciliação Patrimonial,2024-05 | 1201,0.0,0.01,OK
Conciliação Patrimonial,2024-05 | 1202,0.0,0.01,OK
Conciliação Patrimonial,2024-05 | 2101,0.0,0.01,OK
Conciliação Patrimonial,2024-05 | 2102,0.0,0.01,OK
Conciliação Patrimonial,2024-05 | 2103,0.0,0.01,OK
Conciliação Patrimonial,2024-05 | 2104,0.0,0.01,OK
Conciliação Patrimonial,2024-05 | 2201,0.0,0.01,OK
Conciliação Patrimonial,2024-05 | 3101,0.0,0.01,OK
Conciliação Patrimonial,2024-05 | 3102,2.3283064365386963e-10,0.01,OK
Conciliação Patrimonial,2024-06 | 1101,1.6298145055770874e-09,0.01,OK
Conciliação Patrimonial,2024-06 | 1102,0.0,0.01,OK
Conciliação Patrimonial,2024-06 | 1103,0.0,0.01,OK
Conciliação Patrimonial,2024-06 | 1201,0.0,0.01,OK
Conciliação Patrimonial,2024-06 | 1202,0.0,0.01,OK
Conciliação Patrimonial,2024-06 | 2101,0.0,0.01,OK
Conciliação Patrimonial,2024-06 | 2102,0.0,0.01,OK
Conciliação Patrimonial,2024-06 | 2103,0.0,0.01,OK
Conciliação Patrimonial,2024-06 | 2104,0.0,0.01,OK
Conciliação Patrimonial,2024-06 | 2201,0.0,0.01,OK
Conciliação Patrimonial,2024-06 | 3101,0.0,0.01,OK
Conciliação Patrimonial,2024-06 | 3102,2.3283064365386963e-10,0.01,OK
Conciliação Patrimonial,2024-07 | 1101,1.862645149230957e-09,0.01,OK
Conciliação Patrimonial,2024-07 | 1102,0.0,0.01,OK
Conciliação Patrimonial,2024-07 | 1103,0.0,0.01,OK
Conciliação Patrimonial,2024-07 | 1201,0.0,0.01,OK
Conciliação Patrimonial,2024-07 | 1202,0.0,0.01,OK
Conciliação Patrimonial,2024-07 | 2101,0.0,0.01,OK
Conciliação Patrimonial,2024-07 | 2102,0.0,0.01,OK
Conciliação Patrimonial,2024-07 | 2103,0.0,0.01,OK
Conciliação Patrimonial,2024-07 | 2104,1.8189894035458565e-12,0.01,OK
Conciliação Patrimonial,2024-07 | 2201,0.0,0.01,OK
Conciliação Patrimonial,2024-07 | 3101,0.0,0.01,OK
Conciliação Patrimonial,2024-07 | 3102,2.3283064365386963e-10,0.01,OK
Conciliação Patrimonial,2024-08 | 1101,1.862645149230957e-09,0.01,OK
Conciliação Patrimonial,2024-08 | 1102,0.0,0.01,OK
Conciliação Patrimonial,2024-08 | 1103,0.0,0.01,OK
Conciliação Patrimonial,2024-08 | 1201,0.0,0.01,OK
Conciliação Patrimonial,2024-08 | 1202,0.0,0.01,OK
Conciliação Patrimonial,2024-08 | 2101,0.0,0.01,OK
Conciliação Patrimonial,2024-08 | 2102,0.0,0.01,OK
Conciliação Patrimonial,2024-08 | 2103,0.0,0.01,OK
Conciliação Patrimonial,2024-08 | 2104,3.637978807091713e-12,0.01,OK
Conciliação Patrimonial,2024-08 | 2201,0.0,0.01,OK
Conciliação Patrimonial,2024-08 | 3101,0.0,0.01,OK
Conciliação Patrimonial,2024-08 | 3102,4.656612873077393e-10,0.01,OK
Conciliação Patrimonial,2024-09 | 1101,2.3283064365386963e-09,0.01,OK
Conciliação Patrimonial,2024-09 | 1102,0.0,0.01,OK
Conciliação Patrimonial,2024-09 | 1103,0.0,0.01,OK
Conciliação Patrimonial,2024-09 | 1201,0.0,0.01,OK
Conciliação Patrimonial,2024-09 | 1202,0.0,0.01,OK
Conciliação Patrimonial,2024-09 | 2101,0.0,0.01,OK
Conciliação Patrimonial,2024-09 | 2102,0.0,0.01,OK
Conciliação Patrimonial,2024-09 | 2103,0.0,0.01,OK
Conciliação Patrimonial,2024-09 | 2104,7.275957614183426e-12,0.01,OK
Conciliação Patrimonial,2024-09 | 2201,0.0,0.01,OK
Conciliação Patrimonial,2024-09 | 3101,0.0,0.01,OK
Conciliação Patrimonial,2024-09 | 3102,4.656612873077393e-10,0.01,OK
Conciliação Patrimonial,2024-10 | 1101,2.3283064365386963e-09,0.01,OK
Conciliação Patrimonial,2024-10 | 1102,0.0,0.01,OK
Conciliação Patrimonial,2024-10 | 1103,2.3283064365386963e-10,0.01,OK
Conciliação Patrimonial,2024-10 | 1201,0.0,0.01,OK
Conciliação Patrimonial,2024-10 | 1202,0.0,0.01,OK
Conciliação Patrimonial,2024-10 | 2101,0.0,0.01,OK
Conciliação Patrimonial,2024-10 | 2102,0.0,0.01,OK
Conciliação Patrimonial,2024-10 | 2103,0.0,0.01,OK
Conciliação Patrimonial,2024-10 | 2104,7.275957614183426e-12,0.01,OK
Conciliação Patrimonial,2024-10 | 2201,0.0,0.01,OK
Conciliação Patrimonial,2024-10 | 3101,0.0,0.01,OK
Conciliação Patrimonial,2024-10 | 3102,6.984919309616089e-10,0.01,OK
Conciliação Patrimonial,2024-11 | 1101,2.3283064365386963e-09,0.01,OK
Conciliação Patrimonial,2024-11 | 1102,0.0,0.01,OK
Conciliação Patrimonial,2024-11 | 1103,2.3283064365386963e-10,0.01,OK
Conciliação Patrimonial,2024-11 | 1201,0.0,0.01,OK
Conciliação Patrimonial,2024-11 | 1202,0.0,0.01,OK
Conciliação Patrimonial,2024-11 | 2101,0.0,0.01,OK
Conciliação Patrimonial,2024-11 | 2102,0.0,0.01,OK
Conciliação Patrimonial,2024-11 | 2103,0.0,0.01,OK
Conciliação Patrimonial,2024-11 | 2104,0.0,0.01,OK
Conciliação Patrimonial,2024-11 | 2201,0.0,0.01,OK
Conciliação Patrimonial,2024-11 | 3101,0.0,0.01,OK
Conciliação Patrimonial,2024-11 | 3102,6.984919309616089e-10,0.01,OK
Conciliação Patrimonial,2024-12 | 1101,2.561137080192566e-09,0.01,OK
Conciliação Patrimonial,2024-12 | 1102,0.0,0.01,OK
Conciliação Patrimonial,2024-12 | 1103,2.3283064365386963e-10,0.01,OK
Conciliação Patrimonial,2024-12 | 1201,0.0,0.01,OK
Conciliação Patrimonial,2024-12 | 1202,0.0,0.01,OK
Conciliação Patrimonial,2024-12 | 2101,0.0,0.01,OK
Conciliação Patrimonial,2024-12 | 2102,0.0,0.01,OK
Conciliação Patrimonial,2024-12 | 2103,0.0,0.01,OK
Conciliação Patrimonial,2024-12 | 2104,3.637978807091713e-12,0.01,OK
Conciliação Patrimonial,2024-12 | 2201,0.0,0.01,OK
Conciliação Patrimonial,2024-12 | 3101,0.0,0.01,OK
Conciliação Patrimonial,2024-12 | 3102,6.984919309616089e-10,0.01,OK
Conciliação Patrimonial,2025-01 | 1101,2.561137080192566e-09,0.01,OK
Conciliação Patrimonial,2025-01 | 1102,0.0,0.01,OK
Conciliação Patrimonial,2025-01 | 1103,4.656612873077393e-10,0.01,OK
Conciliação Patrimonial,2025-01 | 1201,0.0,0.01,OK
Conciliação Patrimonial,2025-01 | 1202,0.0,0.01,OK
Conciliação Patrimonial,2025-01 | 2101,0.0,0.01,OK
Conciliação Patrimonial,2025-01 | 2102,0.0,0.01,OK
Conciliação Patrimonial,2025-01 | 2103,0.0,0.01,OK
Conciliação Patrimonial,2025-01 | 2104,6.366462912410498e-12,0.01,OK
Conciliação Patrimonial,2025-01 | 2201,0.0,0.01,OK
Conciliação Patrimonial,2025-01 | 3101,0.0,0.01,OK
Conciliação Patrimonial,2025-01 | 3102,8.149072527885437e-10,0.01,OK
Conciliação Patrimonial,2025-02 | 1101,2.561137080192566e-09,0.01,OK
Conciliação Patrimonial,2025-02 | 1102,0.0,0.01,OK
Conciliação Patrimonial,2025-02 | 1103,4.656612873077393e-10,0.01,OK
Conciliação Patrimonial,2025-02 | 1201,0.0,0.01,OK
Conciliação Patrimonial,2025-02 | 1202,0.0,0.01,OK
Conciliação Patrimonial,2025-02 | 2101,0.0,0.01,OK
Conciliação Patrimonial,2025-02 | 2102,0.0,0.01,OK
Conciliação Patrimonial,2025-02 | 2103,0.0,0.01,OK
Conciliação Patrimonial,2025-02 | 2104,5.4569682106375694e-12,0.01,OK
Conciliação Patrimonial,2025-02 | 2201,0.0,0.01,OK
Conciliação Patrimonial,2025-02 | 3101,0.0,0.01,OK
Conciliação Patrimonial,2025-02 | 3102,8.149072527885437e-10,0.01,OK
Conciliação Patrimonial,2025-03 | 1101,2.561137080192566e-09,0.01,OK
Conciliação Patrimonial,2025-03 | 1102,0.0,0.01,OK
Conciliação Patrimonial,2025-03 | 1103,4.656612873077393e-10,0.01,OK
Conciliação Patrimonial,2025-03 | 1201,0.0,0.01,OK
Conciliação Patrimonial,2025-03 | 1202,0.0,0.01,OK
Conciliação Patrimonial,2025-03 | 2101,0.0,0.01,OK
Conciliação Patrimonial,2025-03 | 2102,0.0,0.01,OK
Conciliação Patrimonial,2025-03 | 2103,0.0,0.01,OK
Conciliação Patrimonial,2025-03 | 2104,7.275957614183426e-12,0.01,OK
Conciliação Patrimonial,2025-03 | 2201,0.0,0.01,OK
Conciliação Patrimonial,2025-03 | 3101,0.0,0.01,OK
Conciliação Patrimonial,2025-03 | 3102,9.313225746154785e-10,0.01,OK
Conciliação Patrimonial,2025-04 | 1101,3.259629011154175e-09,0.01,OK
Conciliação Patrimonial,2025-04 | 1102,0.0,0.01,OK
Conciliação Patrimonial,2025-04 | 1103,6.984919309616089e-10,0.01,OK
Conciliação Patrimonial,2025-04 | 1201,0.0,0.01,OK
Conciliação Patrimonial,2025-04 | 1202,0.0,0.01,OK
Conciliação Patrimonial,2025-04 | 2101,0.0,0.01,OK
Conciliação Patrimonial,2025-04 | 2102,0.0,0.01,OK
Conciliação Patrimonial,2025-04 | 2103,0.0,0.01,OK
Conciliação Patrimonial,2025-04 | 2104,8.185452315956354e-12,0.01,OK
Conciliação Patrimonial,2025-04 | 2201,0.0,0.01,OK
Conciliação Patrimonial,2025-04 | 3101,0.0,0.01,OK
Conciliação Patrimonial,2025-04 | 3102,9.313225746154785e-10,0.01,OK
Conciliação Patrimonial,2025-05 | 1101,3.725290298461914e-09,0.01,OK
Conciliação Patrimonial,2025-05 | 1102,0.0,0.01,OK
Conciliação Patrimonial,2025-05 | 1103,4.656612873077393e-10,0.01,OK
Conciliação Patrimonial,2025-05 | 1201,0.0,0.01,OK
Conciliação Patrimonial,2025-05 | 1202,0.0,0.01,OK
Conciliação Patrimonial,2025-05 | 2101,0.0,0.01,OK
Conciliação Patrimonial,2025-05 | 2102,0.0,0.01,OK
Conciliação Patrimonial,2025-05 | 2103,0.0,0.01,OK
Conciliação Patrimonial,2025-05 | 2104,1.0913936421275139e-11,0.01,OK
Conciliação Patrimonial,2025-05 | 2201,0.0,0.01,OK
Conciliação Patrimonial,2025-05 | 3101,0.0,0.01,OK
Conciliação Patrimonial,2025-05 | 3102,1.0477378964424133e-09,0.01,OK
Conciliação Patrimonial,2025-06 | 1101,3.958120942115784e-09,0.01,OK
Conciliação Patrimonial,2025-06 | 1102,0.0,0.01,OK
Conciliação Patrimonial,2025-06 | 1103,6.984919309616089e-10,0.01,OK
Conciliação Patrimonial,2025-06 | 1201,0.0,0.01,OK
Conciliação Patrimonial,2025-06 | 1202,0.0,0.01,OK
Conciliação Patrimonial,2025-06 | 2101,0.0,0.01,OK
Conciliação Patrimonial,2025-06 | 2102,0.0,0.01,OK
Conciliação Patrimonial,2025-06 | 2103,0.0,0.01,OK
Conciliação Patrimonial,2025-06 | 2104,7.275957614183426e-12,0.01,OK
Conciliação Patrimonial,2025-06 | 2201,0.0,0.01,OK
Conciliação Patrimonial,2025-06 | 3101,0.0,0.01,OK
Conciliação Patrimonial,2025-06 | 3102,1.3969838619232178e-09,0.01,OK
Conciliação Patrimonial,2025-07 | 1101,4.190951585769653e-09,0.01,OK
Conciliação Patrimonial,2025-07 | 1102,0.0,0.01,OK
Conciliação Patrimonial,2025-07 | 1103,1.1641532182693481e-09,0.01,OK
Conciliação Patrimonial,2025-07 | 1201,0.0,0.01,OK
Conciliação Patrimonial,2025-07 | 1202,0.0,0.01,OK
Conciliação Patrimonial,2025-07 | 2101,0.0,0.01,OK
Conciliação Patrimonial,2025-07 | 2102,7.275957614183426e-12,0.01,OK
Conciliação Patrimonial,2025-07 | 2103,0.0,0.01,OK
Conciliação Patrimonial,2025-07 | 2104,6.366462912410498e-12,0.01,OK
Conciliação Patrimonial,2025-07 | 2201,0.0,0.01,OK
Conciliação Patrimonial,2025-07 | 3101,0.0,0.01,OK
Conciliação Patrimonial,2025-07 | 3102,1.3969838619232178e-09,0.01,OK
Conciliação Patrimonial,2025-08 | 1101,3.958120942115784e-09,0.01,OK
Conciliação Patrimonial,2025-08 | 1102,0.0,0.01,OK
Conciliação Patrimonial,2025-08 | 1103,1.6298145055770874e-09,0.01,OK
Conciliação Patrimonial,2025-08 | 1201,0.0,0.01,OK
Conciliação Patrimonial,2025-08 | 1202,0.0,0.01,OK
Conciliação Patrimonial,2025-08 | 2101,0.0,0.01,OK
Conciliação Patrimonial,2025-08 | 2102,7.275957614183426e-12,0.01,OK
Conciliação Patrimonial,2025-08 | 2103,0.0,0.01,OK
Conciliação Patrimonial,2025-08 | 2104,7.275957614183426e-12,0.01,OK
Conciliação Patrimonial,2025-08 | 2201,0.0,0.01,OK
Conciliação Patrimonial,2025-08 | 3101,0.0,0.01,OK
Conciliação Patrimonial,2025-08 | 3102,1.280568540096283e-09,0.01,OK
Conciliação Patrimonial,2025-09 | 1101,3.6088749766349792e-09,0.01,OK
Conciliação Patrimonial,2025-09 | 1102,0.0,0.01,OK
Conciliação Patrimonial,2025-09 | 1103,1.1641532182693481e-09,0.01,OK
Conciliação Patrimonial,2025-09 | 1201,0.0,0.01,OK
Conciliação Patrimonial,2025-09 | 1202,0.0,0.01,OK
Conciliação Patrimonial,2025-09 | 2101,0.0,0.01,OK
Conciliação Patrimonial,2025-09 | 2102,7.275957614183426e-12,0.01,OK
Conciliação Patrimonial,2025-09 | 2103,0.0,0.01,OK
Conciliação Patrimonial,2025-09 | 2104,7.275957614183426e-12,0.01,OK
Conciliação Patrimonial,2025-09 | 2201,0.0,0.01,OK
Conciliação Patrimonial,2025-09 | 3101,0.0,0.01,OK
Conciliação Patrimonial,2025-09 | 3102,9.313225746154785e-10,0.01,OK
Conciliação Patrimonial,2025-10 | 1101,3.259629011154175e-09,0.01,OK
Conciliação Patrimonial,2025-10 | 1102,0.0,0.01,OK
Conciliação Patrimonial,2025-10 | 1103,9.313225746154785e-10,0.01,OK
Conciliação Patrimonial,2025-10 | 1201,0.0,0.01,OK
Conciliação Patrimonial,2025-10 | 1202,0.0,0.01,OK
Conciliação Patrimonial,2025-10 | 2101,0.0,0.01,OK
Conciliação Patrimonial,2025-10 | 2102,7.275957614183426e-12,0.01,OK
Conciliação Patrimonial,2025-10 | 2103,0.0,0.01,OK
Conciliação Patrimonial,2025-10 | 2104,0.0,0.01,OK
Conciliação Patrimonial,2025-10 | 2201,0.0,0.01,OK
Conciliação Patrimonial,2025-10 | 3101,0.0,0.01,OK
Conciliação Patrimonial,2025-10 | 3102,9.313225746154785e-10,0.01,OK
Conciliação Patrimonial,2025-11 | 1101,3.4924596548080444e-09,0.01,OK
Conciliação Patrimonial,2025-11 | 1102,0.0,0.01,OK
Conciliação Patrimonial,2025-11 | 1103,9.313225746154785e-10,0.01,OK
Conciliação Patrimonial,2025-11 | 1201,0.0,0.01,OK
Conciliação Patrimonial,2025-11 | 1202,0.0,0.01,OK
Conciliação Patrimonial,2025-11 | 2101,0.0,0.01,OK
Conciliação Patrimonial,2025-11 | 2102,7.275957614183426e-12,0.01,OK
Conciliação Patrimonial,2025-11 | 2103,0.0,0.01,OK
Conciliação Patrimonial,2025-11 | 2104,0.0,0.01,OK
Conciliação Patrimonial,2025-11 | 2201,0.0,0.01,OK
Conciliação Patrimonial,2025-11 | 3101,0.0,0.01,OK
Conciliação Patrimonial,2025-11 | 3102,4.656612873077393e-10,0.01,OK
Conciliação Patrimonial,2025-12 | 1101,4.190951585769653e-09,0.01,OK
Conciliação Patrimonial,2025-12 | 1102,0.0,0.01,OK
Conciliação Patrimonial,2025-12 | 1103,1.1641532182693481e-09,0.01,OK
Conciliação Patrimonial,2025-12 | 1201,0.0,0.01,OK
Conciliação Patrimonial,2025-12 | 1202,0.0,0.01,OK
Conciliação Patrimonial,2025-12 | 2101,0.0,0.01,OK
Conciliação Patrimonial,2025-12 | 2102,7.275957614183426e-12,0.01,OK
Conciliação Patrimonial,2025-12 | 2103,0.0,0.01,OK
Conciliação Patrimonial,2025-12 | 2104,3.637978807091713e-12,0.01,OK
Conciliação Patrimonial,2025-12 | 2201,0.0,0.01,OK
Conciliação Patrimonial,2025-12 | 3101,0.0,0.01,OK
Conciliação Patrimonial,2025-12 | 3102,4.656612873077393e-10,0.01,OK
Partidas Dobradas,L00001,0.0,0.01,OK
Partidas Dobradas,L00002,0.0,0.01,OK
Partidas Dobradas,L00003,0.0,0.01,OK
Partidas Dobradas,L00004,0.0,0.01,OK
Partidas Dobradas,L00005,0.0,0.01,OK
Partidas Dobradas,L00006,0.0,0.01,OK
Partidas Dobradas,L00007,0.0,0.01,OK
Partidas Dobradas,L00008,0.0,0.01,OK
Partidas Dobradas,L00009,0.0,0.01,OK
Partidas Dobradas,L00010,0.0,0.01,OK
Partidas Dobradas,L00011,0.0,0.01,OK
Partidas Dobradas,L00012,0.0,0.01,OK
Partidas Dobradas,L00013,0.0,0.01,OK
Partidas Dobradas,L00014,0.0,0.01,OK
Partidas Dobradas,L00015,0.0,0.01,OK
Partidas Dobradas,L00016,0.0,0.01,OK
Partidas Dobradas,L00017,0.0,0.01,OK
Partidas Dobradas,L00018,0.0,0.01,OK
Partidas Dobradas,L00019,0.0,0.01,OK
Partidas Dobradas,L00020,0.0,0.01,OK
Partidas Dobradas,L00021,0.0,0.01,OK
Partidas Dobradas,L00022,0.0,0.01,OK
Partidas Dobradas,L00023,0.0,0.01,OK
Partidas Dobradas,L00024,0.0,0.01,OK
Partidas Dobradas,L00025,0.0,0.01,OK
Partidas Dobradas,L00026,0.0,0.01,OK
Partidas Dobradas,L00027,0.0,0.01,OK
Partidas Dobradas,L00028,0.0,0.01,OK
Partidas Dobradas,L00029,0.0,0.01,OK
Partidas Dobradas,L00030,0.0,0.01,OK
Partidas Dobradas,L00031,0.0,0.01,OK
Partidas Dobradas,L00032,0.0,0.01,OK
Partidas Dobradas,L00033,0.0,0.01,OK
Partidas Dobradas,L00034,0.0,0.01,OK
Partidas Dobradas,L00035,0.0,0.01,OK
Partidas Dobradas,L00036,0.0,0.01,OK
Partidas Dobradas,L00037,0.0,0.01,OK
Partidas Dobradas,L00038,0.0,0.01,OK
Partidas Dobradas,L00039,0.0,0.01,OK
Partidas Dobradas,L00040,0.0,0.01,OK
Partidas Dobradas,L00041,0.0,0.01,OK
Partidas Dobradas,L00042,0.0,0.01,OK
Partidas Dobradas,L00043,0.0,0.01,OK
Partidas Dobradas,L00044,0.0,0.01,OK
Partidas Dobradas,L00045,0.0,0.01,OK
Partidas Dobradas,L00046,0.0,0.01,OK
Partidas Dobradas,L00047,0.0,0.01,OK
Partidas Dobradas,L00048,0.0,0.01,OK
Partidas Dobradas,L00049,0.0,0.01,OK
Partidas Dobradas,L00050,0.0,0.01,OK
Partidas Dobradas,L00051,0.0,0.01,OK
Partidas Dobradas,L00052,0.0,0.01,OK
Partidas Dobradas,L00053,0.0,0.01,OK
Partidas Dobradas,L00054,0.0,0.01,OK
Partidas Dobradas,L00055,0.0,0.01,OK
Partidas Dobradas,L00056,0.0,0.01,OK
Partidas Dobradas,L00057,0.0,0.01,OK
Partidas Dobradas,L00058,0.0,0.01,OK
Partidas Dobradas,L00059,0.0,0.01,OK
Partidas Dobradas,L00060,0.0,0.01,OK
Partidas Dobradas,L00061,0.0,0.01,OK
Partidas Dobradas,L00062,0.0,0.01,OK
Partidas Dobradas,L00063,0.0,0.01,OK
Partidas Dobradas,L00064,0.0,0.01,OK
Partidas Dobradas,L00065,0.0,0.01,OK
Partidas Dobradas,L00066,0.0,0.01,OK
Partidas Dobradas,L00067,0.0,0.01,OK
Partidas Dobradas,L00068,0.0,0.01,OK
Partidas Dobradas,L00069,0.0,0.01,OK
Partidas Dobradas,L00070,0.0,0.01,OK
Partidas Dobradas,L00071,0.0,0.01,OK
Partidas Dobradas,L00072,0.0,0.01,OK
Partidas Dobradas,L00073,0.0,0.01,OK
Partidas Dobradas,L00074,0.0,0.01,OK
Partidas Dobradas,L00075,0.0,0.01,OK
Partidas Dobradas,L00076,0.0,0.01,OK
Partidas Dobradas,L00077,0.0,0.01,OK
Partidas Dobradas,L00078,0.0,0.01,OK
Partidas Dobradas,L00079,0.0,0.01,OK
Partidas Dobradas,L00080,0.0,0.01,OK
Partidas Dobradas,L00081,0.0,0.01,OK
Partidas Dobradas,L00082,0.0,0.01,OK
Partidas Dobradas,L00083,0.0,0.01,OK
Partidas Dobradas,L00084,0.0,0.01,OK
Partidas Dobradas,L00085,0.0,0.01,OK
Partidas Dobradas,L00086,0.0,0.01,OK
Partidas Dobradas,L00087,0.0,0.01,OK
Partidas Dobradas,L00088,0.0,0.01,OK
Partidas Dobradas,L00089,0.0,0.01,OK
Partidas Dobradas,L00090,0.0,0.01,OK
Partidas Dobradas,L00091,0.0,0.01,OK
Partidas Dobradas,L00092,0.0,0.01,OK
Partidas Dobradas,L00093,0.0,0.01,OK
Partidas Dobradas,L00094,0.0,0.01,OK
Partidas Dobradas,L00095,0.0,0.01,OK
Partidas Dobradas,L00096,0.0,0.01,OK
Partidas Dobradas,L00097,0.0,0.01,OK
Partidas Dobradas,L00098,0.0,0.01,OK
Partidas Dobradas,L00099,0.0,0.01,OK
Partidas Dobradas,L00100,0.0,0.01,OK
Partidas Dobradas,L00101,0.0,0.01,OK
Partidas Dobradas,L00102,0.0,0.01,OK
Partidas Dobradas,L00103,0.0,0.01,OK
Partidas Dobradas,L00104,0.0,0.01,OK
Partidas Dobradas,L00105,0.0,0.01,OK
Partidas Dobradas,L00106,0.0,0.01,OK
Partidas Dobradas,L00107,0.0,0.01,OK
Partidas Dobradas,L00108,0.0,0.01,OK
Partidas Dobradas,L00109,0.0,0.01,OK
Partidas Dobradas,L00110,0.0,0.01,OK
Partidas Dobradas,L00111,0.0,0.01,OK
Partidas Dobradas,L00112,0.0,0.01,OK
Partidas Dobradas,L00113,0.0,0.01,OK
Partidas Dobradas,L00114,0.0,0.01,OK
Partidas Dobradas,L00115,0.0,0.01,OK
Partidas Dobradas,L00116,0.0,0.01,OK
Partidas Dobradas,L00117,0.0,0.01,OK
Partidas Dobradas,L00118,0.0,0.01,OK
Partidas Dobradas,L00119,0.0,0.01,OK
Partidas Dobradas,L00120,0.0,0.01,OK
Partidas Dobradas,L00121,0.0,0.01,OK
Partidas Dobradas,L00122,0.0,0.01,OK
Partidas Dobradas,L00123,0.0,0.01,OK
Partidas Dobradas,L00124,0.0,0.01,OK
Partidas Dobradas,L00125,0.0,0.01,OK
Partidas Dobradas,L00126,0.0,0.01,OK
Partidas Dobradas,L00127,0.0,0.01,OK
Partidas Dobradas,L00128,0.0,0.01,OK
Partidas Dobradas,L00129,0.0,0.01,OK
Partidas Dobradas,L00130,0.0,0.01,OK
Partidas Dobradas,L00131,0.0,0.01,OK
Partidas Dobradas,L00132,0.0,0.01,OK
Partidas Dobradas,L00133,0.0,0.01,OK
Partidas Dobradas,L00134,0.0,0.01,OK
Partidas Dobradas,L00135,0.0,0.01,OK
Partidas Dobradas,L00136,0.0,0.01,OK
Partidas Dobradas,L00137,0.0,0.01,OK
Partidas Dobradas,L00138,0.0,0.01,OK
Partidas Dobradas,L00139,0.0,0.01,OK
Partidas Dobradas,L00140,0.0,0.01,OK
Partidas Dobradas,L00141,0.0,0.01,OK
Partidas Dobradas,L00142,0.0,0.01,OK
Partidas Dobradas,L00143,0.0,0.01,OK
Partidas Dobradas,L00144,0.0,0.01,OK
Partidas Dobradas,L00145,0.0,0.01,OK
Partidas Dobradas,L00146,0.0,0.01,OK
Partidas Dobradas,L00147,0.0,0.01,OK
Partidas Dobradas,L00148,0.0,0.01,OK
Partidas Dobradas,L00149,0.0,0.01,OK
Partidas Dobradas,L00150,0.0,0.01,OK
Partidas Dobradas,L00151,0.0,0.01,OK
Partidas Dobradas,L00152,0.0,0.01,OK
Partidas Dobradas,L00153,0.0,0.01,OK
Partidas Dobradas,L00154,0.0,0.01,OK
Partidas Dobradas,L00155,0.0,0.01,OK
Partidas Dobradas,L00156,0.0,0.01,OK
Partidas Dobradas,L00157,0.0,0.01,OK
Partidas Dobradas,L00158,0.0,0.01,OK
Partidas Dobradas,L00159,0.0,0.01,OK
Partidas Dobradas,L00160,0.0,0.01,OK
Partidas Dobradas,L00161,0.0,0.01,OK
Partidas Dobradas,L00162,0.0,0.01,OK
Partidas Dobradas,L00163,0.0,0.01,OK
Partidas Dobradas,L00164,0.0,0.01,OK
Partidas Dobradas,L00165,0.0,0.01,OK
Partidas Dobradas,L00166,0.0,0.01,OK
Partidas Dobradas,L00167,0.0,0.01,OK
Partidas Dobradas,L00168,0.0,0.01,OK
Partidas Dobradas,L00169,0.0,0.01,OK
Partidas Dobradas,L00170,0.0,0.01,OK
Partidas Dobradas,L00171,0.0,0.01,OK
Partidas Dobradas,L00172,0.0,0.01,OK
Partidas Dobradas,L00173,0.0,0.01,OK
Partidas Dobradas,L00174,0.0,0.01,OK
Partidas Dobradas,L00175,0.0,0.01,OK
Partidas Dobradas,L00176,0.0,0.01,OK
Partidas Dobradas,L00177,0.0,0.01,OK
Partidas Dobradas,L00178,0.0,0.01,OK
Partidas Dobradas,L00179,0.0,0.01,OK
Partidas Dobradas,L00180,0.0,0.01,OK
Partidas Dobradas,L00181,0.0,0.01,OK
Partidas Dobradas,L00182,0.0,0.01,OK
Partidas Dobradas,L00183,0.0,0.01,OK
Partidas Dobradas,L00184,0.0,0.01,OK
Partidas Dobradas,L00185,0.0,0.01,OK
Partidas Dobradas,L00186,0.0,0.01,OK
Partidas Dobradas,L00187,0.0,0.01,OK
Partidas Dobradas,L00188,0.0,0.01,OK
Partidas Dobradas,L00189,0.0,0.01,OK
Partidas Dobradas,L00190,0.0,0.01,OK
Partidas Dobradas,L00191,0.0,0.01,OK
Partidas Dobradas,L00192,0.0,0.01,OK
Partidas Dobradas,L00193,0.0,0.01,OK
Partidas Dobradas,L00194,0.0,0.01,OK
Partidas Dobradas,L00195,0.0,0.01,OK
Partidas Dobradas,L00196,0.0,0.01,OK
Partidas Dobradas,L00197,0.0,0.01,OK
Partidas Dobradas,L00198,0.0,0.01,OK
Partidas Dobradas,L00199,0.0,0.01,OK
Partidas Dobradas,L00200,0.0,0.01,OK
Partidas Dobradas,L00201,0.0,0.01,OK
Partidas Dobradas,L00202,0.0,0.01,OK
Partidas Dobradas,L00203,0.0,0.01,OK
Partidas Dobradas,L00204,0.0,0.01,OK
Partidas Dobradas,L00205,0.0,0.01,OK
Partidas Dobradas,L00206,0.0,0.01,OK
Partidas Dobradas,L00207,0.0,0.01,OK
Partidas Dobradas,L00208,0.0,0.01,OK
Partidas Dobradas,L00209,0.0,0.01,OK
Partidas Dobradas,L00210,0.0,0.01,OK
Partidas Dobradas,L00211,0.0,0.01,OK
Partidas Dobradas,L00212,0.0,0.01,OK
Partidas Dobradas,L00213,0.0,0.01,OK
Partidas Dobradas,L00214,0.0,0.01,OK
Partidas Dobradas,L00215,0.0,0.01,OK
Partidas Dobradas,L00216,0.0,0.01,OK
Partidas Dobradas,L00217,0.0,0.01,OK
Partidas Dobradas,L00218,0.0,0.01,OK
Partidas Dobradas,L00219,0.0,0.01,OK
Partidas Dobradas,L00220,0.0,0.01,OK
Partidas Dobradas,L00221,0.0,0.01,OK
Partidas Dobradas,L00222,0.0,0.01,OK
Partidas Dobradas,L00223,0.0,0.01,OK
Partidas Dobradas,L00224,0.0,0.01,OK
Partidas Dobradas,L00225,0.0,0.01,OK
Partidas Dobradas,L00226,0.0,0.01,OK
Partidas Dobradas,L00227,0.0,0.01,OK
Partidas Dobradas,L00228,0.0,0.01,OK
Partidas Dobradas,L00229,0.0,0.01,OK
Partidas Dobradas,L00230,0.0,0.01,OK
Partidas Dobradas,L00231,0.0,0.01,OK
Partidas Dobradas,L00232,0.0,0.01,OK
Partidas Dobradas,L00233,0.0,0.01,OK
Partidas Dobradas,L00234,0.0,0.01,OK
Partidas Dobradas,L00235,0.0,0.01,OK
Partidas Dobradas,L00236,0.0,0.01,OK
Partidas Dobradas,L00237,0.0,0.01,OK
Partidas Dobradas,L00238,0.0,0.01,OK
Partidas Dobradas,L00239,0.0,0.01,OK
Partidas Dobradas,L00240,0.0,0.01,OK
Partidas Dobradas,L00241,0.0,0.01,OK
Partidas Dobradas,L00242,0.0,0.01,OK
Partidas Dobradas,L00243,0.0,0.01,OK
Partidas Dobradas,L00244,0.0,0.01,OK
Partidas Dobradas,L00245,0.0,0.01,OK
Partidas Dobradas,L00246,0.0,0.01,OK
Partidas Dobradas,L00247,0.0,0.01,OK
Partidas Dobradas,L00248,0.0,0.01,OK
Partidas Dobradas,L00249,0.0,0.01,OK
Partidas Dobradas,L00250,0.0,0.01,OK
Partidas Dobradas,L00251,0.0,0.01,OK
Partidas Dobradas,L00252,0.0,0.01,OK
Partidas Dobradas,L00253,0.0,0.01,OK
Partidas Dobradas,L00254,0.0,0.01,OK
Partidas Dobradas,L00255,0.0,0.01,OK
Partidas Dobradas,L00256,0.0,0.01,OK
Partidas Dobradas,L00257,0.0,0.01,OK
Partidas Dobradas,L00258,0.0,0.01,OK
Partidas Dobradas,L00259,0.0,0.01,OK
Partidas Dobradas,L00260,0.0,0.01,OK
Partidas Dobradas,L00261,0.0,0.01,OK
Partidas Dobradas,L00262,0.0,0.01,OK
Partidas Dobradas,L00263,0.0,0.01,OK
Partidas Dobradas,L00264,0.0,0.01,OK
Partidas Dobradas,L00265,0.0,0.01,OK
Partidas Dobradas,L00266,0.0,0.01,OK
Partidas Dobradas,L00267,0.0,0.01,OK
Partidas Dobradas,L00268,0.0,0.01,OK
Partidas Dobradas,L00269,0.0,0.01,OK
Partidas Dobradas,L00270,0.0,0.01,OK
Partidas Dobradas,L00271,0.0,0.01,OK
Partidas Dobradas,L00272,0.0,0.01,OK
Partidas Dobradas,L00273,0.0,0.01,OK
Partidas Dobradas,L00274,0.0,0.01,OK
Partidas Dobradas,L00275,0.0,0.01,OK
Partidas Dobradas,L00276,0.0,0.01,OK
Partidas Dobradas,L00277,0.0,0.01,OK
Partidas Dobradas,L00278,0.0,0.01,OK
Partidas Dobradas,L00279,0.0,0.01,OK
Partidas Dobradas,L00280,0.0,0.01,OK
Partidas Dobradas,L00281,0.0,0.01,OK
Partidas Dobradas,L00282,0.0,0.01,OK
Partidas Dobradas,L00283,0.0,0.01,OK
Partidas Dobradas,L00284,0.0,0.01,OK
Partidas Dobradas,L00285,0.0,0.01,OK
Partidas Dobradas,L00286,0.0,0.01,OK
Partidas Dobradas,L00287,0.0,0.01,OK
Partidas Dobradas,L00288,0.0,0.01,OK
Partidas Dobradas,L00289,0.0,0.01,OK
Partidas Dobradas,L00290,0.0,0.01,OK
Partidas Dobradas,L00291,0.0,0.01,OK
Partidas Dobradas,L00292,0.0,0.01,OK
Partidas Dobradas,L00293,0.0,0.01,OK
Partidas Dobradas,L00294,0.0,0.01,OK
Partidas Dobradas,L00295,0.0,0.01,OK
Partidas Dobradas,L00296,0.0,0.01,OK
Partidas Dobradas,L00297,0.0,0.01,OK
Partidas Dobradas,L00298,0.0,0.01,OK
Partidas Dobradas,L00299,0.0,0.01,OK
Partidas Dobradas,L00300,0.0,0.01,OK
Partidas Dobradas,L00301,0.0,0.01,OK
Partidas Dobradas,L00302,0.0,0.01,OK
Partidas Dobradas,L00303,0.0,0.01,OK
Partidas Dobradas,L00304,0.0,0.01,OK
Partidas Dobradas,L00305,0.0,0.01,OK
Partidas Dobradas,L00306,0.0,0.01,OK
Partidas Dobradas,L00307,0.0,0.01,OK
Partidas Dobradas,L00308,0.0,0.01,OK
Partidas Dobradas,L00309,0.0,0.01,OK
Partidas Dobradas,L00310,0.0,0.01,OK
Partidas Dobradas,L00311,0.0,0.01,OK
Partidas Dobradas,L00312,0.0,0.01,OK
Partidas Dobradas,L00313,0.0,0.01,OK
Partidas Dobradas,L00314,0.0,0.01,OK
Partidas Dobradas,L00315,0.0,0.01,OK
Partidas Dobradas,L00316,0.0,0.01,OK
Partidas Dobradas,L00317,0.0,0.01,OK
Partidas Dobradas,L00318,0.0,0.01,OK
Partidas Dobradas,L00319,0.0,0.01,OK
Partidas Dobradas,L00320,0.0,0.01,OK
Partidas Dobradas,L00321,0.0,0.01,OK
Partidas Dobradas,L00322,0.0,0.01,OK
Partidas Dobradas,L00323,0.0,0.01,OK
Partidas Dobradas,L00324,0.0,0.01,OK
Partidas Dobradas,L00325,0.0,0.01,OK
Partidas Dobradas,L00326,0.0,0.01,OK
Partidas Dobradas,L00327,0.0,0.01,OK
Partidas Dobradas,L00328,0.0,0.01,OK
Partidas Dobradas,L00329,0.0,0.01,OK
Partidas Dobradas,L00330,0.0,0.01,OK
Partidas Dobradas,L00331,0.0,0.01,OK
Partidas Dobradas,L00332,0.0,0.01,OK
Partidas Dobradas,L00333,0.0,0.01,OK
Partidas Dobradas,L00334,0.0,0.01,OK
Partidas Dobradas,L00335,0.0,0.01,OK
Partidas Dobradas,L00336,0.0,0.01,OK
Partidas Dobradas,L00337,0.0,0.01,OK
Partidas Dobradas,L00338,0.0,0.01,OK
Partidas Dobradas,L00339,0.0,0.01,OK
Partidas Dobradas,L00340,0.0,0.01,OK
Partidas Dobradas,L00341,0.0,0.01,OK
Partidas Dobradas,L00342,0.0,0.01,OK
Partidas Dobradas,L00343,0.0,0.01,OK
Partidas Dobradas,L00344,0.0,0.01,OK
Partidas Dobradas,L00345,0.0,0.01,OK
Partidas Dobradas,L00346,0.0,0.01,OK
Partidas Dobradas,L00347,0.0,0.01,OK
Partidas Dobradas,L00348,0.0,0.01,OK
Partidas Dobradas,L00349,0.0,0.01,OK
Partidas Dobradas,L00350,0.0,0.01,OK
Partidas Dobradas,L00351,0.0,0.01,OK
Partidas Dobradas,L00352,0.0,0.01,OK
Partidas Dobradas,L00353,0.0,0.01,OK
Partidas Dobradas,L00354,0.0,0.01,OK
Partidas Dobradas,L00355,0.0,0.01,OK
Partidas Dobradas,L00356,0.0,0.01,OK
Partidas Dobradas,L00357,0.0,0.01,OK
Partidas Dobradas,L00358,0.0,0.01,OK
Partidas Dobradas,L00359,0.0,0.01,OK
Partidas Dobradas,L00360,0.0,0.01,OK
Partidas Dobradas,L00361,0.0,0.01,OK
Partidas Dobradas,L00362,0.0,0.01,OK
Partidas Dobradas,L00363,0.0,0.01,OK
Partidas Dobradas,L00364,0.0,0.01,OK
Partidas Dobradas,L00365,0.0,0.01,OK
Partidas Dobradas,L00366,0.0,0.01,OK
Partidas Dobradas,L00367,0.0,0.01,OK
Partidas Dobradas,L00368,0.0,0.01,OK
Partidas Dobradas,L00369,0.0,0.01,OK
Partidas Dobradas,L00370,0.0,0.01,OK
Partidas Dobradas,L00371,0.0,0.01,OK
Partidas Dobradas,L00372,0.0,0.01,OK
Partidas Dobradas,L00373,0.0,0.01,OK
Partidas Dobradas,L00374,0.0,0.01,OK
Partidas Dobradas,L00375,0.0,0.01,OK
Partidas Dobradas,L00376,0.0,0.01,OK
Partidas Dobradas,L00377,0.0,0.01,OK
Partidas Dobradas,L00378,0.0,0.01,OK
Partidas Dobradas,L00379,0.0,0.01,OK
Partidas Dobradas,L00380,0.0,0.01,OK
Partidas Dobradas,L00381,0.0,0.01,OK
Partidas Dobradas,L00382,0.0,0.01,OK
Partidas Dobradas,L00383,0.0,0.01,OK
Partidas Dobradas,L00384,0.0,0.01,OK
Partidas Dobradas,L00385,0.0,0.01,OK
Partidas Dobradas,L00386,0.0,0.01,OK
Partidas Dobradas,L00387,0.0,0.01,OK
Partidas Dobradas,L00388,0.0,0.01,OK
Partidas Dobradas,L00389,0.0,0.01,OK
Partidas Dobradas,L00390,0.0,0.01,OK
Partidas Dobradas,L00391,0.0,0.01,OK
Partidas Dobradas,L00392,0.0,0.01,OK
Partidas Dobradas,L00393,0.0,0.01,OK
Partidas Dobradas,L00394,0.0,0.01,OK
Partidas Dobradas,L00395,0.0,0.01,OK
Partidas Dobradas,L00396,0.0,0.01,OK
Partidas Dobradas,L00397,0.0,0.01,OK
Partidas Dobradas,L00398,0.0,0.01,OK
Partidas Dobradas,L00399,0.0,0.01,OK
Partidas Dobradas,L00400,0.0,0.01,OK
Partidas Dobradas,L00401,0.0,0.01,OK
Partidas Dobradas,L00402,0.0,0.01,OK
Partidas Dobradas,L00403,0.0,0.01,OK
Partidas Dobradas,L00404,0.0,0.01,OK
Partidas Dobradas,L00405,0.0,0.01,OK
Partidas Dobradas,L00406,0.0,0.01,OK
Partidas Dobradas,L00407,0.0,0.01,OK
Partidas Dobradas,L00408,0.0,0.01,OK
Partidas Dobradas,L00409,0.0,0.01,OK
Partidas Dobradas,L00410,0.0,0.01,OK
Partidas Dobradas,L00411,0.0,0.01,OK
Partidas Dobradas,L00412,0.0,0.01,OK
Partidas Dobradas,L00413,0.0,0.01,OK
Partidas Dobradas,L00414,0.0,0.01,OK
Partidas Dobradas,L00415,0.0,0.01,OK
Partidas Dobradas,L00416,0.0,0.01,OK
Partidas Dobradas,L00417,0.0,0.01,OK
Partidas Dobradas,L00418,0.0,0.01,OK
Partidas Dobradas,L00419,0.0,0.01,OK
Partidas Dobradas,L00420,0.0,0.01,OK
Partidas Dobradas,L00421,0.0,0.01,OK
Partidas Dobradas,L00422,0.0,0.01,OK
Partidas Dobradas,L00423,0.0,0.01,OK
Partidas Dobradas,L00424,0.0,0.01,OK
Partidas Dobradas,L00425,0.0,0.01,OK
Partidas Dobradas,L00426,0.0,0.01,OK
Partidas Dobradas,L00427,0.0,0.01,OK
Partidas Dobradas,L00428,0.0,0.01,OK
Partidas Dobradas,L00429,0.0,0.01,OK
Partidas Dobradas,L00430,0.0,0.01,OK
Partidas Dobradas,L00431,0.0,0.01,OK
Partidas Dobradas,L00432,0.0,0.01,OK
Partidas Dobradas,L00433,0.0,0.01,OK
Partidas Dobradas,L00434,0.0,0.01,OK
Partidas Dobradas,L00435,0.0,0.01,OK
Partidas Dobradas,L00436,0.0,0.01,OK
Partidas Dobradas,L00437,0.0,0.01,OK
Partidas Dobradas,L00438,0.0,0.01,OK
Partidas Dobradas,L00439,0.0,0.01,OK
Partidas Dobradas,L00440,0.0,0.01,OK
Partidas Dobradas,L00441,0.0,0.01,OK
Partidas Dobradas,L00442,0.0,0.01,OK
Partidas Dobradas,L00443,0.0,0.01,OK
Partidas Dobradas,L00444,0.0,0.01,OK
Partidas Dobradas,L00445,0.0,0.01,OK
Partidas Dobradas,L00446,0.0,0.01,OK
Partidas Dobradas,L00447,0.0,0.01,OK
Partidas Dobradas,L00448,0.0,0.01,OK
Partidas Dobradas,L00449,0.0,0.01,OK
Partidas Dobradas,L00450,0.0,0.01,OK
Partidas Dobradas,L00451,0.0,0.01,OK
Partidas Dobradas,L00452,0.0,0.01,OK
Partidas Dobradas,L00453,0.0,0.01,OK
Partidas Dobradas,L00454,0.0,0.01,OK
Partidas Dobradas,L00455,0.0,0.01,OK
Partidas Dobradas,L00456,0.0,0.01,OK
Partidas Dobradas,L00457,0.0,0.01,OK
Partidas Dobradas,L00458,0.0,0.01,OK
Partidas Dobradas,L00459,0.0,0.01,OK
Partidas Dobradas,L00460,0.0,0.01,OK
Partidas Dobradas,L00461,0.0,0.01,OK
Partidas Dobradas,L00462,0.0,0.01,OK
Partidas Dobradas,L00463,0.0,0.01,OK
Partidas Dobradas,L00464,0.0,0.01,OK
Partidas Dobradas,L00465,0.0,0.01,OK
Partidas Dobradas,L00466,0.0,0.01,OK
Partidas Dobradas,L00467,0.0,0.01,OK
Partidas Dobradas,L00468,0.0,0.01,OK
Partidas Dobradas,L00469,0.0,0.01,OK
Partidas Dobradas,L00470,0.0,0.01,OK
Partidas Dobradas,L00471,0.0,0.01,OK
Partidas Dobradas,L00472,0.0,0.01,OK
Partidas Dobradas,L00473,0.0,0.01,OK
Partidas Dobradas,L00474,0.0,0.01,OK
Partidas Dobradas,L00475,0.0,0.01,OK
Partidas Dobradas,L00476,0.0,0.01,OK
Partidas Dobradas,L00477,0.0,0.01,OK
Partidas Dobradas,L00478,0.0,0.01,OK
Partidas Dobradas,L00479,0.0,0.01,OK
Partidas Dobradas,L00480,0.0,0.01,OK
Partidas Dobradas,L00481,0.0,0.01,OK
Partidas Dobradas,L00482,0.0,0.01,OK
Partidas Dobradas,L00483,0.0,0.01,OK
Partidas Dobradas,L00484,0.0,0.01,OK
Partidas Dobradas,L00485,0.0,0.01,OK
Partidas Dobradas,L00486,0.0,0.01,OK
Partidas Dobradas,L00487,0.0,0.01,OK
Partidas Dobradas,L00488,0.0,0.01,OK
Partidas Dobradas,L00489,0.0,0.01,OK
Partidas Dobradas,L00490,0.0,0.01,OK
Partidas Dobradas,L00491,0.0,0.01,OK
Partidas Dobradas,L00492,0.0,0.01,OK
Partidas Dobradas,L00493,0.0,0.01,OK
Partidas Dobradas,L00494,0.0,0.01,OK
Partidas Dobradas,L00495,0.0,0.01,OK
Partidas Dobradas,L00496,0.0,0.01,OK
Partidas Dobradas,L00497,0.0,0.01,OK
Partidas Dobradas,L00498,0.0,0.01,OK
Partidas Dobradas,L00499,0.0,0.01,OK
Partidas Dobradas,L00500,0.0,0.01,OK
Partidas Dobradas,L00501,0.0,0.01,OK
Partidas Dobradas,L00502,0.0,0.01,OK
Partidas Dobradas,L00503,0.0,0.01,OK
Partidas Dobradas,L00504,0.0,0.01,OK
Partidas Dobradas,L00505,0.0,0.01,OK
Partidas Dobradas,L00506,0.0,0.01,OK
Partidas Dobradas,L00507,0.0,0.01,OK
Partidas Dobradas,L00508,0.0,0.01,OK
Partidas Dobradas,L00509,0.0,0.01,OK
Partidas Dobradas,L00510,0.0,0.01,OK
Partidas Dobradas,L00511,0.0,0.01,OK
Partidas Dobradas,L00512,0.0,0.01,OK
Partidas Dobradas,L00513,0.0,0.01,OK
Partidas Dobradas,L00514,0.0,0.01,OK
Partidas Dobradas,L00515,0.0,0.01,OK
Partidas Dobradas,L00516,0.0,0.01,OK
Partidas Dobradas,L00517,0.0,0.01,OK
Partidas Dobradas,L00518,0.0,0.01,OK
Partidas Dobradas,L00519,0.0,0.01,OK
Partidas Dobradas,L00520,0.0,0.01,OK
Partidas Dobradas,L00521,0.0,0.01,OK
Partidas Dobradas,L00522,0.0,0.01,OK
Partidas Dobradas,L00523,0.0,0.01,OK
Partidas Dobradas,L00524,0.0,0.01,OK
Partidas Dobradas,L00525,0.0,0.01,OK
Partidas Dobradas,L00526,0.0,0.01,OK
Partidas Dobradas,L00527,0.0,0.01,OK
Partidas Dobradas,L00528,0.0,0.01,OK
Partidas Dobradas,L00529,0.0,0.01,OK
Partidas Dobradas,L00530,0.0,0.01,OK
Partidas Dobradas,L00531,0.0,0.01,OK
Partidas Dobradas,L00532,0.0,0.01,OK
Partidas Dobradas,L00533,0.0,0.01,OK
Partidas Dobradas,L00534,0.0,0.01,OK
Partidas Dobradas,L00535,0.0,0.01,OK
Partidas Dobradas,L00536,0.0,0.01,OK
Partidas Dobradas,L00537,0.0,0.01,OK
Partidas Dobradas,L00538,0.0,0.01,OK
Partidas Dobradas,L00539,0.0,0.01,OK
Partidas Dobradas,L00540,0.0,0.01,OK
Partidas Dobradas,L00541,0.0,0.01,OK
Partidas Dobradas,L00542,0.0,0.01,OK
Partidas Dobradas,L00543,0.0,0.01,OK
Partidas Dobradas,L00544,0.0,0.01,OK
Partidas Dobradas,L00545,0.0,0.01,OK
Partidas Dobradas,L00546,0.0,0.01,OK
Partidas Dobradas,L00547,0.0,0.01,OK
Partidas Dobradas,L00548,0.0,0.01,OK
Partidas Dobradas,L00549,0.0,0.01,OK
Partidas Dobradas,L00550,0.0,0.01,OK
Partidas Dobradas,L00551,0.0,0.01,OK
Partidas Dobradas,L00552,0.0,0.01,OK
Partidas Dobradas,L00553,0.0,0.01,OK
Partidas Dobradas,L00554,0.0,0.01,OK
Partidas Dobradas,L00555,0.0,0.01,OK
Partidas Dobradas,L00556,0.0,0.01,OK
Partidas Dobradas,L00557,0.0,0.01,OK
Partidas Dobradas,L00558,0.0,0.01,OK
Partidas Dobradas,L00559,0.0,0.01,OK
Partidas Dobradas,L00560,0.0,0.01,OK
Partidas Dobradas,L00561,0.0,0.01,OK
Partidas Dobradas,L00562,0.0,0.01,OK
Partidas Dobradas,L00563,0.0,0.01,OK
Partidas Dobradas,L00564,0.0,0.01,OK
Partidas Dobradas,L00565,0.0,0.01,OK
Partidas Dobradas,L00566,0.0,0.01,OK
Partidas Dobradas,L00567,0.0,0.01,OK
Partidas Dobradas,L00568,0.0,0.01,OK
Partidas Dobradas,L00569,0.0,0.01,OK
Partidas Dobradas,L00570,0.0,0.01,OK
Partidas Dobradas,L00571,0.0,0.01,OK
Partidas Dobradas,L00572,0.0,0.01,OK
Partidas Dobradas,L00573,0.0,0.01,OK
Partidas Dobradas,L00574,0.0,0.01,OK
Partidas Dobradas,L00575,0.0,0.01,OK
Partidas Dobradas,L00576,0.0,0.01,OK
Partidas Dobradas,L00577,0.0,0.01,OK
Partidas Dobradas,L00578,0.0,0.01,OK
Partidas Dobradas,L00579,0.0,0.01,OK
Partidas Dobradas,L00580,0.0,0.01,OK
Partidas Dobradas,L00581,0.0,0.01,OK
Partidas Dobradas,L00582,0.0,0.01,OK
Partidas Dobradas,L00583,0.0,0.01,OK
Partidas Dobradas,L00584,0.0,0.01,OK
Partidas Dobradas,L00585,0.0,0.01,OK
Partidas Dobradas,L00586,0.0,0.01,OK
Partidas Dobradas,L00587,0.0,0.01,OK
Partidas Dobradas,L00588,0.0,0.01,OK
Partidas Dobradas,L00589,0.0,0.01,OK
Partidas Dobradas,L00590,0.0,0.01,OK
Partidas Dobradas,L00591,0.0,0.01,OK
Partidas Dobradas,L00592,0.0,0.01,OK
Partidas Dobradas,L00593,0.0,0.01,OK
Partidas Dobradas,L00594,0.0,0.01,OK
Partidas Dobradas,L00595,0.0,0.01,OK
Partidas Dobradas,L00596,0.0,0.01,OK
Partidas Dobradas,L00597,0.0,0.01,OK
Partidas Dobradas,L00598,0.0,0.01,OK
Partidas Dobradas,L00599,0.0,0.01,OK
Partidas Dobradas,L00600,0.0,0.01,OK
Partidas Dobradas,L00601,0.0,0.01,OK
Partidas Dobradas,L00602,0.0,0.01,OK
Partidas Dobradas,L00603,0.0,0.01,OK
Partidas Dobradas,L00604,0.0,0.01,OK
Partidas Dobradas,L00605,0.0,0.01,OK
Partidas Dobradas,L00606,0.0,0.01,OK
Partidas Dobradas,L00607,0.0,0.01,OK
Partidas Dobradas,L00608,0.0,0.01,OK
Partidas Dobradas,L00609,0.0,0.01,OK
Partidas Dobradas,L00610,0.0,0.01,OK
Partidas Dobradas,L00611,0.0,0.01,OK
Partidas Dobradas,L00612,0.0,0.01,OK
Partidas Dobradas,L00613,0.0,0.01,OK
Partidas Dobradas,L00614,0.0,0.01,OK
Partidas Dobradas,L00615,0.0,0.01,OK
Partidas Dobradas,L00616,0.0,0.01,OK
Partidas Dobradas,L00617,0.0,0.01,OK
Partidas Dobradas,L00618,0.0,0.01,OK
Partidas Dobradas,L00619,0.0,0.01,OK
Partidas Dobradas,L00620,0.0,0.01,OK
Partidas Dobradas,L00621,0.0,0.01,OK
Partidas Dobradas,L00622,0.0,0.01,OK
Partidas Dobradas,L00623,0.0,0.01,OK
Partidas Dobradas,L00624,0.0,0.01,OK
Partidas Dobradas,L00625,0.0,0.01,OK
Partidas Dobradas,L00626,0.0,0.01,OK
Partidas Dobradas,L00627,0.0,0.01,OK
Partidas Dobradas,L00628,0.0,0.01,OK
Partidas Dobradas,L00629,0.0,0.01,OK
Partidas Dobradas,L00630,0.0,0.01,OK
Partidas Dobradas,L00631,0.0,0.01,OK
Partidas Dobradas,L00632,0.0,0.01,OK
Partidas Dobradas,L00633,0.0,0.01,OK
Partidas Dobradas,L00634,0.0,0.01,OK
Partidas Dobradas,L00635,0.0,0.01,OK
Partidas Dobradas,L00636,0.0,0.01,OK
Partidas Dobradas,L00637,0.0,0.01,OK
Partidas Dobradas,L00638,0.0,0.01,OK
Partidas Dobradas,L00639,0.0,0.01,OK
Partidas Dobradas,L00640,0.0,0.01,OK
Partidas Dobradas,L00641,0.0,0.01,OK
Partidas Dobradas,L00642,0.0,0.01,OK
Partidas Dobradas,L00643,0.0,0.01,OK
Partidas Dobradas,L00644,0.0,0.01,OK
Partidas Dobradas,L00645,0.0,0.01,OK
Partidas Dobradas,L00646,0.0,0.01,OK
Partidas Dobradas,L00647,0.0,0.01,OK
Partidas Dobradas,L00648,0.0,0.01,OK
Partidas Dobradas,L00649,0.0,0.01,OK
Partidas Dobradas,L00650,0.0,0.01,OK
Partidas Dobradas,L00651,0.0,0.01,OK
Partidas Dobradas,L00652,0.0,0.01,OK
Partidas Dobradas,L00653,0.0,0.01,OK
Partidas Dobradas,L00654,0.0,0.01,OK
Partidas Dobradas,L00655,0.0,0.01,OK
Partidas Dobradas,L00656,0.0,0.01,OK
Partidas Dobradas,L00657,0.0,0.01,OK
Partidas Dobradas,L00658,0.0,0.01,OK
Partidas Dobradas,L00659,0.0,0.01,OK
Partidas Dobradas,L00660,0.0,0.01,OK
Partidas Dobradas,L00661,0.0,0.01,OK
Partidas Dobradas,L00662,0.0,0.01,OK
Partidas Dobradas,L00663,0.0,0.01,OK
Partidas Dobradas,L00664,0.0,0.01,OK
Partidas Dobradas,L00665,0.0,0.01,OK
Partidas Dobradas,L00666,0.0,0.01,OK
Partidas Dobradas,L00667,0.0,0.01,OK
Partidas Dobradas,L00668,0.0,0.01,OK
Partidas Dobradas,L00669,0.0,0.01,OK
Partidas Dobradas,L00670,0.0,0.01,OK
Partidas Dobradas,L00671,0.0,0.01,OK
Partidas Dobradas,L00672,0.0,0.01,OK
Partidas Dobradas,L00673,0.0,0.01,OK
Partidas Dobradas,L00674,0.0,0.01,OK
Partidas Dobradas,L00675,0.0,0.01,OK
Partidas Dobradas,L00676,0.0,0.01,OK
Partidas Dobradas,L00677,0.0,0.01,OK
Partidas Dobradas,L00678,0.0,0.01,OK
Partidas Dobradas,L00679,0.0,0.01,OK
Partidas Dobradas,L00680,0.0,0.01,OK
Partidas Dobradas,L00681,0.0,0.01,OK
Partidas Dobradas,L00682,0.0,0.01,OK
Partidas Dobradas,L00683,0.0,0.01,OK
Partidas Dobradas,L00684,0.0,0.01,OK
Partidas Dobradas,L00685,0.0,0.01,OK
Partidas Dobradas,L00686,0.0,0.01,OK
Partidas Dobradas,L00687,0.0,0.01,OK
Partidas Dobradas,L00688,0.0,0.01,OK
Partidas Dobradas,L00689,0.0,0.01,OK
Partidas Dobradas,L00690,0.0,0.01,OK
Partidas Dobradas,L00691,0.0,0.01,OK
Partidas Dobradas,L00692,0.0,0.01,OK
Partidas Dobradas,L00693,0.0,0.01,OK
Partidas Dobradas,L00694,0.0,0.01,OK
Partidas Dobradas,L00695,0.0,0.01,OK
Partidas Dobradas,L00696,0.0,0.01,OK
Partidas Dobradas,L00697,0.0,0.01,OK
Partidas Dobradas,L00698,0.0,0.01,OK
Partidas Dobradas,L00699,0.0,0.01,OK
Partidas Dobradas,L00700,0.0,0.01,OK
Partidas Dobradas,L00701,0.0,0.01,OK
Partidas Dobradas,L00702,0.0,0.01,OK
Partidas Dobradas,L00703,0.0,0.01,OK
Partidas Dobradas,L00704,0.0,0.01,OK
Partidas Dobradas,L00705,0.0,0.01,OK
Partidas Dobradas,L00706,0.0,0.01,OK
Partidas Dobradas,L00707,0.0,0.01,OK
Partidas Dobradas,L00708,0.0,0.01,OK
Partidas Dobradas,L00709,0.0,0.01,OK
Partidas Dobradas,L00710,0.0,0.01,OK
Partidas Dobradas,L00711,0.0,0.01,OK
Partidas Dobradas,L00712,0.0,0.01,OK
Partidas Dobradas,L00713,0.0,0.01,OK
Partidas Dobradas,L00714,0.0,0.01,OK
Partidas Dobradas,L00715,0.0,0.01,OK
Partidas Dobradas,L00716,0.0,0.01,OK
Partidas Dobradas,L00717,0.0,0.01,OK
Partidas Dobradas,L00718,0.0,0.01,OK
Partidas Dobradas,L00719,0.0,0.01,OK
Partidas Dobradas,L00720,0.0,0.01,OK
Partidas Dobradas,L00721,0.0,0.01,OK
Ponte PV Fecha,1 | Estações de trabalho | Sudeste | Venda direta,0.0,0.01,OK
Volume Independente,1 | Estações de trabalho | Sudeste | Venda direta,0.0,0.01,OK
Preço Independente,1 | Estações de trabalho | Sudeste | Venda direta,5.4569682106375694e-12,0.01,OK
Ponte Receita2024 × Vendas,1 | Estações de trabalho | Sudeste | Venda direta,0.0,0.01,OK
Ponte Receita2025 × Vendas,1 | Estações de trabalho | Sudeste | Venda direta,0.0,0.01,OK
Ponte PV Fecha,1 | Estações de trabalho | Sudeste | Parceiros,1.4551915228366852e-11,0.01,OK
Volume Independente,1 | Estações de trabalho | Sudeste | Parceiros,0,0.01,OK
Preço Independente,1 | Estações de trabalho | Sudeste | Parceiros,0.0,0.01,OK
Ponte Receita2024 × Vendas,1 | Estações de trabalho | Sudeste | Parceiros,0,0.01,OK
Ponte Receita2025 × Vendas,1 | Estações de trabalho | Sudeste | Parceiros,0.0,0.01,OK
Ponte PV Fecha,1 | Estações de trabalho | Sul | Venda direta,0.0,0.01,OK
Volume Independente,1 | Estações de trabalho | Sul | Venda direta,3.637978807091713e-12,0.01,OK
Preço Independente,1 | Estações de trabalho | Sul | Venda direta,0.0,0.01,OK
Ponte Receita2024 × Vendas,1 | Estações de trabalho | Sul | Venda direta,0.0,0.01,OK
Ponte Receita2025 × Vendas,1 | Estações de trabalho | Sul | Venda direta,0.0,0.01,OK
Ponte PV Fecha,1 | Estações de trabalho | Sul | Parceiros,7.275957614183426e-12,0.01,OK
Volume Independente,1 | Estações de trabalho | Sul | Parceiros,0,0.01,OK
Preço Independente,1 | Estações de trabalho | Sul | Parceiros,0.0,0.01,OK
Ponte Receita2024 × Vendas,1 | Estações de trabalho | Sul | Parceiros,0,0.01,OK
Ponte Receita2025 × Vendas,1 | Estações de trabalho | Sul | Parceiros,0.0,0.01,OK
Ponte PV Fecha,1 | Estações de trabalho | Nordeste | Venda direta,1.4551915228366852e-11,0.01,OK
Volume Independente,1 | Estações de trabalho | Nordeste | Venda direta,3.637978807091713e-12,0.01,OK
Preço Independente,1 | Estações de trabalho | Nordeste | Venda direta,0.0,0.01,OK
Ponte Receita2024 × Vendas,1 | Estações de trabalho | Nordeste | Venda direta,0.0,0.01,OK
Ponte Receita2025 × Vendas,1 | Estações de trabalho | Nordeste | Venda direta,0.0,0.01,OK
Ponte PV Fecha,1 | Estações de trabalho | Nordeste | Parceiros,0.0,0.01,OK
Volume Independente,1 | Estações de trabalho | Nordeste | Parceiros,0,0.01,OK
Preço Independente,1 | Estações de trabalho | Nordeste | Parceiros,4.547473508864641e-13,0.01,OK
Ponte Receita2024 × Vendas,1 | Estações de trabalho | Nordeste | Parceiros,0,0.01,OK
Ponte Receita2025 × Vendas,1 | Estações de trabalho | Nordeste | Parceiros,0.0,0.01,OK
Ponte PV Fecha,1 | Equipamentos de rede | Sudeste | Venda direta,1.4551915228366852e-11,0.01,OK
Volume Independente,1 | Equipamentos de rede | Sudeste | Venda direta,0.0,0.01,OK
Preço Independente,1 | Equipamentos de rede | Sudeste | Venda direta,0.0,0.01,OK
Ponte Receita2024 × Vendas,1 | Equipamentos de rede | Sudeste | Venda direta,0,0.01,OK
Ponte Receita2025 × Vendas,1 | Equipamentos de rede | Sudeste | Venda direta,0.0,0.01,OK
Ponte PV Fecha,1 | Equipamentos de rede | Sudeste | Parceiros,0.0,0.01,OK
Volume Independente,1 | Equipamentos de rede | Sudeste | Parceiros,0,0.01,OK
Preço Independente,1 | Equipamentos de rede | Sudeste | Parceiros,0.0,0.01,OK
Ponte Receita2024 × Vendas,1 | Equipamentos de rede | Sudeste | Parceiros,0,0.01,OK
Ponte Receita2025 × Vendas,1 | Equipamentos de rede | Sudeste | Parceiros,0.0,0.01,OK
Ponte PV Fecha,1 | Equipamentos de rede | Sul | Venda direta,0.0,0.01,OK
Volume Independente,1 | Equipamentos de rede | Sul | Venda direta,0.0,0.01,OK
Preço Independente,1 | Equipamentos de rede | Sul | Venda direta,4.547473508864641e-13,0.01,OK
Ponte Receita2024 × Vendas,1 | Equipamentos de rede | Sul | Venda direta,0.0,0.01,OK
Ponte Receita2025 × Vendas,1 | Equipamentos de rede | Sul | Venda direta,0.0,0.01,OK
Ponte PV Fecha,1 | Equipamentos de rede | Sul | Parceiros,0.0,0.01,OK
Volume Independente,1 | Equipamentos de rede | Sul | Parceiros,0,0.01,OK
Preço Independente,1 | Equipamentos de rede | Sul | Parceiros,4.547473508864641e-13,0.01,OK
Ponte Receita2024 × Vendas,1 | Equipamentos de rede | Sul | Parceiros,0,0.01,OK
Ponte Receita2025 × Vendas,1 | Equipamentos de rede | Sul | Parceiros,0.0,0.01,OK
Ponte PV Fecha,1 | Equipamentos de rede | Nordeste | Venda direta,0.0,0.01,OK
Volume Independente,1 | Equipamentos de rede | Nordeste | Venda direta,0.0,0.01,OK
Preço Independente,1 | Equipamentos de rede | Nordeste | Venda direta,2.2737367544323206e-13,0.01,OK
Ponte Receita2024 × Vendas,1 | Equipamentos de rede | Nordeste | Venda direta,0,0.01,OK
Ponte Receita2025 × Vendas,1 | Equipamentos de rede | Nordeste | Venda direta,0.0,0.01,OK
Ponte PV Fecha,1 | Equipamentos de rede | Nordeste | Parceiros,3.637978807091713e-12,0.01,OK
Volume Independente,1 | Equipamentos de rede | Nordeste | Parceiros,0,0.01,OK
Preço Independente,1 | Equipamentos de rede | Nordeste | Parceiros,0.0,0.01,OK
Ponte Receita2024 × Vendas,1 | Equipamentos de rede | Nordeste | Parceiros,0,0.01,OK
Ponte Receita2025 × Vendas,1 | Equipamentos de rede | Nordeste | Parceiros,0.0,0.01,OK
Ponte PV Fecha,1 | Periféricos profissionais | Sudeste | Venda direta,7.275957614183426e-12,0.01,OK
Volume Independente,1 | Periféricos profissionais | Sudeste | Venda direta,0.0,0.01,OK
Preço Independente,1 | Periféricos profissionais | Sudeste | Venda direta,0.0,0.01,OK
Ponte Receita2024 × Vendas,1 | Periféricos profissionais | Sudeste | Venda direta,0.0,0.01,OK
Ponte Receita2025 × Vendas,1 | Periféricos profissionais | Sudeste | Venda direta,0.0,0.01,OK
Ponte PV Fecha,1 | Periféricos profissionais | Sudeste | Parceiros,0.0,0.01,OK
Volume Independente,1 | Periféricos profissionais | Sudeste | Parceiros,2.2737367544323206e-13,0.01,OK
Preço Independente,1 | Periféricos profissionais | Sudeste | Parceiros,0.0,0.01,OK
Ponte Receita2024 × Vendas,1 | Periféricos profissionais | Sudeste | Parceiros,0.0,0.01,OK
Ponte Receita2025 × Vendas,1 | Periféricos profissionais | Sudeste | Parceiros,0.0,0.01,OK
Ponte PV Fecha,1 | Periféricos profissionais | Sul | Venda direta,1.8189894035458565e-12,0.01,OK
Volume Independente,1 | Periféricos profissionais | Sul | Venda direta,0.0,0.01,OK
Preço Independente,1 | Periféricos profissionais | Sul | Venda direta,0.0,0.01,OK
Ponte Receita2024 × Vendas,1 | Periféricos profissionais | Sul | Venda direta,0.0,0.01,OK
Ponte Receita2025 × Vendas,1 | Periféricos profissionais | Sul | Venda direta,0.0,0.01,OK
Ponte PV Fecha,1 | Periféricos profissionais | Sul | Parceiros,0.0,0.01,OK
Volume Independente,1 | Periféricos profissionais | Sul | Parceiros,0.0,0.01,OK
Preço Independente,1 | Periféricos profissionais | Sul | Parceiros,5.684341886080802e-14,0.01,OK
Ponte Receita2024 × Vendas,1 | Periféricos profissionais | Sul | Parceiros,0,0.01,OK
Ponte Receita2025 × Vendas,1 | Periféricos profissionais | Sul | Parceiros,0.0,0.01,OK
Ponte PV Fecha,1 | Periféricos profissionais | Nordeste | Venda direta,0.0,0.01,OK
Volume Independente,1 | Periféricos profissionais | Nordeste | Venda direta,0.0,0.01,OK
Preço Independente,1 | Periféricos profissionais | Nordeste | Venda direta,5.684341886080802e-14,0.01,OK
Ponte Receita2024 × Vendas,1 | Periféricos profissionais | Nordeste | Venda direta,0.0,0.01,OK
Ponte Receita2025 × Vendas,1 | Periféricos profissionais | Nordeste | Venda direta,0.0,0.01,OK
Ponte PV Fecha,1 | Periféricos profissionais | Nordeste | Parceiros,9.094947017729282e-13,0.01,OK
Volume Independente,1 | Periféricos profissionais | Nordeste | Parceiros,0.0,0.01,OK
Preço Independente,1 | Periféricos profissionais | Nordeste | Parceiros,2.842170943040401e-14,0.01,OK
Ponte Receita2024 × Vendas,1 | Periféricos profissionais | Nordeste | Parceiros,0.0,0.01,OK
Ponte Receita2025 × Vendas,1 | Periféricos profissionais | Nordeste | Parceiros,0.0,0.01,OK
Ponte PV Fecha,2 | Estações de trabalho | Sudeste | Venda direta,5.820766091346741e-11,0.01,OK
Volume Independente,2 | Estações de trabalho | Sudeste | Venda direta,0.0,0.01,OK
Preço Independente,2 | Estações de trabalho | Sudeste | Venda direta,3.637978807091713e-12,0.01,OK
Ponte Receita2024 × Vendas,2 | Estações de trabalho | Sudeste | Venda direta,0.0,0.01,OK
Ponte Receita2025 × Vendas,2 | Estações de trabalho | Sudeste | Venda direta,0.0,0.01,OK
Ponte PV Fecha,2 | Estações de trabalho | Sudeste | Parceiros,0.0,0.01,OK
Volume Independente,2 | Estações de trabalho | Sudeste | Parceiros,0,0.01,OK
Preço Independente,2 | Estações de trabalho | Sudeste | Parceiros,0.0,0.01,OK
Ponte Receita2024 × Vendas,2 | Estações de trabalho | Sudeste | Parceiros,0,0.01,OK
Ponte Receita2025 × Vendas,2 | Estações de trabalho | Sudeste | Parceiros,0.0,0.01,OK
Ponte PV Fecha,2 | Estações de trabalho | Sul | Venda direta,1.4551915228366852e-11,0.01,OK
Volume Independente,2 | Estações de trabalho | Sul | Venda direta,0.0,0.01,OK
Preço Independente,2 | Estações de trabalho | Sul | Venda direta,0.0,0.01,OK
Ponte Receita2024 × Vendas,2 | Estações de trabalho | Sul | Venda direta,0.0,0.01,OK
Ponte Receita2025 × Vendas,2 | Estações de trabalho | Sul | Venda direta,0.0,0.01,OK
Ponte PV Fecha,2 | Estações de trabalho | Sul | Parceiros,7.275957614183426e-12,0.01,OK
Volume Independente,2 | Estações de trabalho | Sul | Parceiros,0,0.01,OK
Preço Independente,2 | Estações de trabalho | Sul | Parceiros,0.0,0.01,OK
Ponte Receita2024 × Vendas,2 | Estações de trabalho | Sul | Parceiros,0,0.01,OK
Ponte Receita2025 × Vendas,2 | Estações de trabalho | Sul | Parceiros,0,0.01,OK
Ponte PV Fecha,2 | Estações de trabalho | Nordeste | Venda direta,1.4551915228366852e-11,0.01,OK
Volume Independente,2 | Estações de trabalho | Nordeste | Venda direta,0.0,0.01,OK
Preço Independente,2 | Estações de trabalho | Nordeste | Venda direta,0.0,0.01,OK
Ponte Receita2024 × Vendas,2 | Estações de trabalho | Nordeste | Venda direta,0.0,0.01,OK
Ponte Receita2025 × Vendas,2 | Estações de trabalho | Nordeste | Venda direta,0.0,0.01,OK
Ponte PV Fecha,2 | Estações de trabalho | Nordeste | Parceiros,0.0,0.01,OK
Volume Independente,2 | Estações de trabalho | Nordeste | Parceiros,0,0.01,OK
Preço Independente,2 | Estações de trabalho | Nordeste | Parceiros,2.2737367544323206e-13,0.01,OK
Ponte Receita2024 × Vendas,2 | Estações de trabalho | Nordeste | Parceiros,0,0.01,OK
Ponte Receita2025 × Vendas,2 | Estações de trabalho | Nordeste | Parceiros,0.0,0.01,OK
Ponte PV Fecha,2 | Equipamentos de rede | Sudeste | Venda direta,0.0,0.01,OK
Volume Independente,2 | Equipamentos de rede | Sudeste | Venda direta,0.0,0.01,OK
Preço Independente,2 | Equipamentos de rede | Sudeste | Venda direta,0.0,0.01,OK
Ponte Receita2024 × Vendas,2 | Equipamentos de rede | Sudeste | Venda direta,0.0,0.01,OK
Ponte Receita2025 × Vendas,2 | Equipamentos de rede | Sudeste | Venda direta,0.0,0.01,OK
Ponte PV Fecha,2 | Equipamentos de rede | Sudeste | Parceiros,0.0,0.01,OK
Volume Independente,2 | Equipamentos de rede | Sudeste | Parceiros,0,0.01,OK
Preço Independente,2 | Equipamentos de rede | Sudeste | Parceiros,0.0,0.01,OK
Ponte Receita2024 × Vendas,2 | Equipamentos de rede | Sudeste | Parceiros,0,0.01,OK
Ponte Receita2025 × Vendas,2 | Equipamentos de rede | Sudeste | Parceiros,0.0,0.01,OK
Ponte PV Fecha,2 | Equipamentos de rede | Sul | Venda direta,7.275957614183426e-12,0.01,OK
Volume Independente,2 | Equipamentos de rede | Sul | Venda direta,0.0,0.01,OK
Preço Independente,2 | Equipamentos de rede | Sul | Venda direta,4.547473508864641e-13,0.01,OK
Ponte Receita2024 × Vendas,2 | Equipamentos de rede | Sul | Venda direta,0.0,0.01,OK
Ponte Receita2025 × Vendas,2 | Equipamentos de rede | Sul | Venda direta,0.0,0.01,OK
Ponte PV Fecha,2 | Equipamentos de rede | Sul | Parceiros,0.0,0.01,OK
Volume Independente,2 | Equipamentos de rede | Sul | Parceiros,0,0.01,OK
Preço Independente,2 | Equipamentos de rede | Sul | Parceiros,4.547473508864641e-13,0.01,OK
Ponte Receita2024 × Vendas,2 | Equipamentos de rede | Sul | Parceiros,0,0.01,OK
Ponte Receita2025 × Vendas,2 | Equipamentos de rede | Sul | Parceiros,0.0,0.01,OK
Ponte PV Fecha,2 | Equipamentos de rede | Nordeste | Venda direta,0.0,0.01,OK
Volume Independente,2 | Equipamentos de rede | Nordeste | Venda direta,0.0,0.01,OK
Preço Independente,2 | Equipamentos de rede | Nordeste | Venda direta,0.0,0.01,OK
Ponte Receita2024 × Vendas,2 | Equipamentos de rede | Nordeste | Venda direta,0,0.01,OK
Ponte Receita2025 × Vendas,2 | Equipamentos de rede | Nordeste | Venda direta,0.0,0.01,OK
Ponte PV Fecha,2 | Equipamentos de rede | Nordeste | Parceiros,0.0,0.01,OK
Volume Independente,2 | Equipamentos de rede | Nordeste | Parceiros,0,0.01,OK
Preço Independente,2 | Equipamentos de rede | Nordeste | Parceiros,0.0,0.01,OK
Ponte Receita2024 × Vendas,2 | Equipamentos de rede | Nordeste | Parceiros,0,0.01,OK
Ponte Receita2025 × Vendas,2 | Equipamentos de rede | Nordeste | Parceiros,0.0,0.01,OK
Ponte PV Fecha,2 | Periféricos profissionais | Sudeste | Venda direta,0.0,0.01,OK
Volume Independente,2 | Periféricos profissionais | Sudeste | Venda direta,0.0,0.01,OK
Preço Independente,2 | Periféricos profissionais | Sudeste | Venda direta,2.2737367544323206e-13,0.01,OK
Ponte Receita2024 × Vendas,2 | Periféricos profissionais | Sudeste | Venda direta,0.0,0.01,OK
Ponte Receita2025 × Vendas,2 | Periféricos profissionais | Sudeste | Venda direta,0.0,0.01,OK
Ponte PV Fecha,2 | Periféricos profissionais | Sudeste | Parceiros,0.0,0.01,OK
Volume Independente,2 | Periféricos profissionais | Sudeste | Parceiros,2.2737367544323206e-13,0.01,OK
Preço Independente,2 | Periféricos profissionais | Sudeste | Parceiros,0.0,0.01,OK
Ponte Receita2024 × Vendas,2 | Periféricos profissionais | Sudeste | Parceiros,0.0,0.01,OK
Ponte Receita2025 × Vendas,2 | Periféricos profissionais | Sudeste | Parceiros,0.0,0.01,OK
Ponte PV Fecha,2 | Periféricos profissionais | Sul | Venda direta,1.8189894035458565e-12,0.01,OK
Volume Independente,2 | Periféricos profissionais | Sul | Venda direta,0.0,0.01,OK
Preço Independente,2 | Periféricos profissionais | Sul | Venda direta,0.0,0.01,OK
Ponte Receita2024 × Vendas,2 | Periféricos profissionais | Sul | Venda direta,0.0,0.01,OK
Ponte Receita2025 × Vendas,2 | Periféricos profissionais | Sul | Venda direta,0.0,0.01,OK
Ponte PV Fecha,2 | Periféricos profissionais | Sul | Parceiros,9.094947017729282e-13,0.01,OK
Volume Independente,2 | Periféricos profissionais | Sul | Parceiros,0.0,0.01,OK
Preço Independente,2 | Periféricos profissionais | Sul | Parceiros,5.684341886080802e-14,0.01,OK
Ponte Receita2024 × Vendas,2 | Periféricos profissionais | Sul | Parceiros,0,0.01,OK
Ponte Receita2025 × Vendas,2 | Periféricos profissionais | Sul | Parceiros,0.0,0.01,OK
Ponte PV Fecha,2 | Periféricos profissionais | Nordeste | Venda direta,0.0,0.01,OK
Volume Independente,2 | Periféricos profissionais | Nordeste | Venda direta,0.0,0.01,OK
Preço Independente,2 | Periféricos profissionais | Nordeste | Venda direta,5.684341886080802e-14,0.01,OK
Ponte Receita2024 × Vendas,2 | Periféricos profissionais | Nordeste | Venda direta,0.0,0.01,OK
Ponte Receita2025 × Vendas,2 | Periféricos profissionais | Nordeste | Venda direta,0.0,0.01,OK
Ponte PV Fecha,2 | Periféricos profissionais | Nordeste | Parceiros,9.094947017729282e-13,0.01,OK
Volume Independente,2 | Periféricos profissionais | Nordeste | Parceiros,0.0,0.01,OK
Preço Independente,2 | Periféricos profissionais | Nordeste | Parceiros,2.842170943040401e-14,0.01,OK
Ponte Receita2024 × Vendas,2 | Periféricos profissionais | Nordeste | Parceiros,0.0,0.01,OK
Ponte Receita2025 × Vendas,2 | Periféricos profissionais | Nordeste | Parceiros,0.0,0.01,OK
Ponte PV Fecha,3 | Estações de trabalho | Sudeste | Venda direta,0.0,0.01,OK
Volume Independente,3 | Estações de trabalho | Sudeste | Venda direta,0.0,0.01,OK
Preço Independente,3 | Estações de trabalho | Sudeste | Venda direta,0.0,0.01,OK
Ponte Receita2024 × Vendas,3 | Estações de trabalho | Sudeste | Venda direta,0.0,0.01,OK
Ponte Receita2025 × Vendas,3 | Estações de trabalho | Sudeste | Venda direta,0.0,0.01,OK
Ponte PV Fecha,3 | Estações de trabalho | Sudeste | Parceiros,2.9103830456733704e-11,0.01,OK
Volume Independente,3 | Estações de trabalho | Sudeste | Parceiros,0,0.01,OK
Preço Independente,3 | Estações de trabalho | Sudeste | Parceiros,0.0,0.01,OK
Ponte Receita2024 × Vendas,3 | Estações de trabalho | Sudeste | Parceiros,0,0.01,OK
Ponte Receita2025 × Vendas,3 | Estações de trabalho | Sudeste | Parceiros,0.0,0.01,OK
Ponte PV Fecha,3 | Estações de trabalho | Sul | Venda direta,0.0,0.01,OK
Volume Independente,3 | Estações de trabalho | Sul | Venda direta,0.0,0.01,OK
Preço Independente,3 | Estações de trabalho | Sul | Venda direta,0.0,0.01,OK
Ponte Receita2024 × Vendas,3 | Estações de trabalho | Sul | Venda direta,0.0,0.01,OK
Ponte Receita2025 × Vendas,3 | Estações de trabalho | Sul | Venda direta,0.0,0.01,OK
Ponte PV Fecha,3 | Estações de trabalho | Sul | Parceiros,0.0,0.01,OK
Volume Independente,3 | Estações de trabalho | Sul | Parceiros,0,0.01,OK
Preço Independente,3 | Estações de trabalho | Sul | Parceiros,4.547473508864641e-13,0.01,OK
Ponte Receita2024 × Vendas,3 | Estações de trabalho | Sul | Parceiros,0,0.01,OK
Ponte Receita2025 × Vendas,3 | Estações de trabalho | Sul | Parceiros,0.0,0.01,OK
Ponte PV Fecha,3 | Estações de trabalho | Nordeste | Venda direta,0.0,0.01,OK
Volume Independente,3 | Estações de trabalho | Nordeste | Venda direta,1.8189894035458565e-12,0.01,OK
Preço Independente,3 | Estações de trabalho | Nordeste | Venda direta,0.0,0.01,OK
Ponte Receita2024 × Vendas,3 | Estações de trabalho | Nordeste | Venda direta,0.0,0.01,OK
Ponte Receita2025 × Vendas,3 | Estações de trabalho | Nordeste | Venda direta,0.0,0.01,OK
Ponte PV Fecha,3 | Estações de trabalho | Nordeste | Parceiros,0.0,0.01,OK
Volume Independente,3 | Estações de trabalho | Nordeste | Parceiros,0,0.01,OK
Preço Independente,3 | Estações de trabalho | Nordeste | Parceiros,4.547473508864641e-13,0.01,OK
Ponte Receita2024 × Vendas,3 | Estações de trabalho | Nordeste | Parceiros,0,0.01,OK
Ponte Receita2025 × Vendas,3 | Estações de trabalho | Nordeste | Parceiros,0.0,0.01,OK
Ponte PV Fecha,3 | Equipamentos de rede | Sudeste | Venda direta,0.0,0.01,OK
Volume Independente,3 | Equipamentos de rede | Sudeste | Venda direta,1.8189894035458565e-12,0.01,OK
Preço Independente,3 | Equipamentos de rede | Sudeste | Venda direta,0.0,0.01,OK
Ponte Receita2024 × Vendas,3 | Equipamentos de rede | Sudeste | Venda direta,0.0,0.01,OK
Ponte Receita2025 × Vendas,3 | Equipamentos de rede | Sudeste | Venda direta,0.0,0.01,OK
Ponte PV Fecha,3 | Equipamentos de rede | Sudeste | Parceiros,1.4551915228366852e-11,0.01,OK
Volume Independente,3 | Equipamentos de rede | Sudeste | Parceiros,0,0.01,OK
Preço Independente,3 | Equipamentos de rede | Sudeste | Parceiros,0.0,0.01,OK
Ponte Receita2024 × Vendas,3 | Equipamentos de rede | Sudeste | Parceiros,0,0.01,OK
Ponte Receita2025 × Vendas,3 | Equipamentos de rede | Sudeste | Parceiros,0.0,0.01,OK
Ponte PV Fecha,3 | Equipamentos de rede | Sul | Venda direta,1.4551915228366852e-11,0.01,OK
Volume Independente,3 | Equipamentos de rede | Sul | Venda direta,0.0,0.01,OK
Preço Independente,3 | Equipamentos de rede | Sul | Venda direta,0.0,0.01,OK
Ponte Receita2024 × Vendas,3 | Equipamentos de rede | Sul | Venda direta,0.0,0.01,OK
Ponte Receita2025 × Vendas,3 | Equipamentos de rede | Sul | Venda direta,0.0,0.01,OK
Ponte PV Fecha,3 | Equipamentos de rede | Sul | Parceiros,0.0,0.01,OK
Volume Independente,3 | Equipamentos de rede | Sul | Parceiros,0,0.01,OK
Preço Independente,3 | Equipamentos de rede | Sul | Parceiros,4.547473508864641e-13,0.01,OK
Ponte Receita2024 × Vendas,3 | Equipamentos de rede | Sul | Parceiros,0,0.01,OK
Ponte Receita2025 × Vendas,3 | Equipamentos de rede | Sul | Parceiros,0.0,0.01,OK
Ponte PV Fecha,3 | Equipamentos de rede | Nordeste | Venda direta,0.0,0.01,OK
Volume Independente,3 | Equipamentos de rede | Nordeste | Venda direta,0.0,0.01,OK
Preço Independente,3 | Equipamentos de rede | Nordeste | Venda direta,0.0,0.01,OK
Ponte Receita2024 × Vendas,3 | Equipamentos de rede | Nordeste | Venda direta,0.0,0.01,OK
Ponte Receita2025 × Vendas,3 | Equipamentos de rede | Nordeste | Venda direta,0.0,0.01,OK
Ponte PV Fecha,3 | Equipamentos de rede | Nordeste | Parceiros,0.0,0.01,OK
Volume Independente,3 | Equipamentos de rede | Nordeste | Parceiros,0,0.01,OK
Preço Independente,3 | Equipamentos de rede | Nordeste | Parceiros,4.547473508864641e-13,0.01,OK
Ponte Receita2024 × Vendas,3 | Equipamentos de rede | Nordeste | Parceiros,0,0.01,OK
Ponte Receita2025 × Vendas,3 | Equipamentos de rede | Nordeste | Parceiros,0.0,0.01,OK
Ponte PV Fecha,3 | Periféricos profissionais | Sudeste | Venda direta,0.0,0.01,OK
Volume Independente,3 | Periféricos profissionais | Sudeste | Venda direta,0.0,0.01,OK
Preço Independente,3 | Periféricos profissionais | Sudeste | Venda direta,4.547473508864641e-13,0.01,OK
Ponte Receita2024 × Vendas,3 | Periféricos profissionais | Sudeste | Venda direta,0.0,0.01,OK
Ponte Receita2025 × Vendas,3 | Periféricos profissionais | Sudeste | Venda direta,0.0,0.01,OK
Ponte PV Fecha,3 | Periféricos profissionais | Sudeste | Parceiros,0.0,0.01,OK
Volume Independente,3 | Periféricos profissionais | Sudeste | Parceiros,0.0,0.01,OK
Preço Independente,3 | Periféricos profissionais | Sudeste | Parceiros,0.0,0.01,OK
Ponte Receita2024 × Vendas,3 | Periféricos profissionais | Sudeste | Parceiros,0,0.01,OK
Ponte Receita2025 × Vendas,3 | Periféricos profissionais | Sudeste | Parceiros,0.0,0.01,OK
Ponte PV Fecha,3 | Periféricos profissionais | Sul | Venda direta,0.0,0.01,OK
Volume Independente,3 | Periféricos profissionais | Sul | Venda direta,0.0,0.01,OK
Preço Independente,3 | Periféricos profissionais | Sul | Venda direta,0.0,0.01,OK
Ponte Receita2024 × Vendas,3 | Periféricos profissionais | Sul | Venda direta,0,0.01,OK
Ponte Receita2025 × Vendas,3 | Periféricos profissionais | Sul | Venda direta,0.0,0.01,OK
Ponte PV Fecha,3 | Periféricos profissionais | Sul | Parceiros,0.0,0.01,OK
Volume Independente,3 | Periféricos profissionais | Sul | Parceiros,0.0,0.01,OK
Preço Independente,3 | Periféricos profissionais | Sul | Parceiros,5.684341886080802e-14,0.01,OK
Ponte Receita2024 × Vendas,3 | Periféricos profissionais | Sul | Parceiros,0.0,0.01,OK
Ponte Receita2025 × Vendas,3 | Periféricos profissionais | Sul | Parceiros,0.0,0.01,OK
Ponte PV Fecha,3 | Periféricos profissionais | Nordeste | Venda direta,1.8189894035458565e-12,0.01,OK
Volume Independente,3 | Periféricos profissionais | Nordeste | Venda direta,4.547473508864641e-13,0.01,OK
Preço Independente,3 | Periféricos profissionais | Nordeste | Venda direta,0.0,0.01,OK
Ponte Receita2024 × Vendas,3 | Periféricos profissionais | Nordeste | Venda direta,0.0,0.01,OK
Ponte Receita2025 × Vendas,3 | Periféricos profissionais | Nordeste | Venda direta,0.0,0.01,OK
Ponte PV Fecha,3 | Periféricos profissionais | Nordeste | Parceiros,0.0,0.01,OK
Volume Independente,3 | Periféricos profissionais | Nordeste | Parceiros,0.0,0.01,OK
Preço Independente,3 | Periféricos profissionais | Nordeste | Parceiros,5.684341886080802e-14,0.01,OK
Ponte Receita2024 × Vendas,3 | Periféricos profissionais | Nordeste | Parceiros,0.0,0.01,OK
Ponte Receita2025 × Vendas,3 | Periféricos profissionais | Nordeste | Parceiros,0.0,0.01,OK
Ponte PV Fecha,4 | Estações de trabalho | Sudeste | Venda direta,0.0,0.01,OK
Volume Independente,4 | Estações de trabalho | Sudeste | Venda direta,0.0,0.01,OK
Preço Independente,4 | Estações de trabalho | Sudeste | Venda direta,1.8189894035458565e-12,0.01,OK
Ponte Receita2024 × Vendas,4 | Estações de trabalho | Sudeste | Venda direta,0.0,0.01,OK
Ponte Receita2025 × Vendas,4 | Estações de trabalho | Sudeste | Venda direta,0.0,0.01,OK
Ponte PV Fecha,4 | Estações de trabalho | Sudeste | Parceiros,0.0,0.01,OK
Volume Independente,4 | Estações de trabalho | Sudeste | Parceiros,0,0.01,OK
Preço Independente,4 | Estações de trabalho | Sudeste | Parceiros,9.094947017729282e-13,0.01,OK
Ponte Receita2024 × Vendas,4 | Estações de trabalho | Sudeste | Parceiros,0,0.01,OK
Ponte Receita2025 × Vendas,4 | Estações de trabalho | Sudeste | Parceiros,0.0,0.01,OK
Ponte PV Fecha,4 | Estações de trabalho | Sul | Venda direta,2.9103830456733704e-11,0.01,OK
Volume Independente,4 | Estações de trabalho | Sul | Venda direta,3.637978807091713e-12,0.01,OK
Preço Independente,4 | Estações de trabalho | Sul | Venda direta,0.0,0.01,OK
Ponte Receita2024 × Vendas,4 | Estações de trabalho | Sul | Venda direta,0.0,0.01,OK
Ponte Receita2025 × Vendas,4 | Estações de trabalho | Sul | Venda direta,0.0,0.01,OK
Ponte PV Fecha,4 | Estações de trabalho | Sul | Parceiros,0.0,0.01,OK
Volume Independente,4 | Estações de trabalho | Sul | Parceiros,0,0.01,OK
Preço Independente,4 | Estações de trabalho | Sul | Parceiros,0.0,0.01,OK
Ponte Receita2024 × Vendas,4 | Estações de trabalho | Sul | Parceiros,0,0.01,OK
Ponte Receita2025 × Vendas,4 | Estações de trabalho | Sul | Parceiros,0.0,0.01,OK
Ponte PV Fecha,4 | Estações de trabalho | Nordeste | Venda direta,1.4551915228366852e-11,0.01,OK
Volume Independente,4 | Estações de trabalho | Nordeste | Venda direta,0.0,0.01,OK
Preço Independente,4 | Estações de trabalho | Nordeste | Venda direta,0.0,0.01,OK
Ponte Receita2024 × Vendas,4 | Estações de trabalho | Nordeste | Venda direta,0.0,0.01,OK
Ponte Receita2025 × Vendas,4 | Estações de trabalho | Nordeste | Venda direta,0.0,0.01,OK
Ponte PV Fecha,4 | Estações de trabalho | Nordeste | Parceiros,0.0,0.01,OK
Volume Independente,4 | Estações de trabalho | Nordeste | Parceiros,0,0.01,OK
Preço Independente,4 | Estações de trabalho | Nordeste | Parceiros,4.547473508864641e-13,0.01,OK
Ponte Receita2024 × Vendas,4 | Estações de trabalho | Nordeste | Parceiros,0,0.01,OK
Ponte Receita2025 × Vendas,4 | Estações de trabalho | Nordeste | Parceiros,0.0,0.01,OK
Ponte PV Fecha,4 | Equipamentos de rede | Sudeste | Venda direta,0.0,0.01,OK
Volume Independente,4 | Equipamentos de rede | Sudeste | Venda direta,0.0,0.01,OK
Preço Independente,4 | Equipamentos de rede | Sudeste | Venda direta,0.0,0.01,OK
Ponte Receita2024 × Vendas,4 | Equipamentos de rede | Sudeste | Venda direta,0.0,0.01,OK
Ponte Receita2025 × Vendas,4 | Equipamentos de rede | Sudeste | Venda direta,0.0,0.01,OK
Ponte PV Fecha,4 | Equipamentos de rede | Sudeste | Parceiros,0.0,0.01,OK
Volume Independente,4 | Equipamentos de rede | Sudeste | Parceiros,0,0.01,OK
Preço Independente,4 | Equipamentos de rede | Sudeste | Parceiros,0.0,0.01,OK
Ponte Receita2024 × Vendas,4 | Equipamentos de rede | Sudeste | Parceiros,0,0.01,OK
Ponte Receita2025 × Vendas,4 | Equipamentos de rede | Sudeste | Parceiros,0.0,0.01,OK
Ponte PV Fecha,4 | Equipamentos de rede | Sul | Venda direta,0.0,0.01,OK
Volume Independente,4 | Equipamentos de rede | Sul | Venda direta,0.0,0.01,OK
Preço Independente,4 | Equipamentos de rede | Sul | Venda direta,4.547473508864641e-13,0.01,OK
Ponte Receita2024 × Vendas,4 | Equipamentos de rede | Sul | Venda direta,0.0,0.01,OK
Ponte Receita2025 × Vendas,4 | Equipamentos de rede | Sul | Venda direta,0.0,0.01,OK
Ponte PV Fecha,4 | Equipamentos de rede | Sul | Parceiros,0.0,0.01,OK
Volume Independente,4 | Equipamentos de rede | Sul | Parceiros,0,0.01,OK
Preço Independente,4 | Equipamentos de rede | Sul | Parceiros,4.547473508864641e-13,0.01,OK
Ponte Receita2024 × Vendas,4 | Equipamentos de rede | Sul | Parceiros,0,0.01,OK
Ponte Receita2025 × Vendas,4 | Equipamentos de rede | Sul | Parceiros,0.0,0.01,OK
Ponte PV Fecha,4 | Equipamentos de rede | Nordeste | Venda direta,0.0,0.01,OK
Volume Independente,4 | Equipamentos de rede | Nordeste | Venda direta,0.0,0.01,OK
Preço Independente,4 | Equipamentos de rede | Nordeste | Venda direta,2.2737367544323206e-13,0.01,OK
Ponte Receita2024 × Vendas,4 | Equipamentos de rede | Nordeste | Venda direta,0.0,0.01,OK
Ponte Receita2025 × Vendas,4 | Equipamentos de rede | Nordeste | Venda direta,0.0,0.01,OK
Ponte PV Fecha,4 | Equipamentos de rede | Nordeste | Parceiros,0.0,0.01,OK
Volume Independente,4 | Equipamentos de rede | Nordeste | Parceiros,0,0.01,OK
Preço Independente,4 | Equipamentos de rede | Nordeste | Parceiros,0.0,0.01,OK
Ponte Receita2024 × Vendas,4 | Equipamentos de rede | Nordeste | Parceiros,0,0.01,OK
Ponte Receita2025 × Vendas,4 | Equipamentos de rede | Nordeste | Parceiros,0.0,0.01,OK
Ponte PV Fecha,4 | Periféricos profissionais | Sudeste | Venda direta,7.275957614183426e-12,0.01,OK
Volume Independente,4 | Periféricos profissionais | Sudeste | Venda direta,4.547473508864641e-13,0.01,OK
Preço Independente,4 | Periféricos profissionais | Sudeste | Venda direta,4.547473508864641e-13,0.01,OK
Ponte Receita2024 × Vendas,4 | Periféricos profissionais | Sudeste | Venda direta,0.0,0.01,OK
Ponte Receita2025 × Vendas,4 | Periféricos profissionais | Sudeste | Venda direta,0.0,0.01,OK
Ponte PV Fecha,4 | Periféricos profissionais | Sudeste | Parceiros,0.0,0.01,OK
Volume Independente,4 | Periféricos profissionais | Sudeste | Parceiros,2.2737367544323206e-13,0.01,OK
Preço Independente,4 | Periféricos profissionais | Sudeste | Parceiros,0.0,0.01,OK
Ponte Receita2024 × Vendas,4 | Periféricos profissionais | Sudeste | Parceiros,0,0.01,OK
Ponte Receita2025 × Vendas,4 | Periféricos profissionais | Sudeste | Parceiros,0.0,0.01,OK
Ponte PV Fecha,4 | Periféricos profissionais | Sul | Venda direta,0.0,0.01,OK
Volume Independente,4 | Periféricos profissionais | Sul | Venda direta,4.547473508864641e-13,0.01,OK
Preço Independente,4 | Periféricos profissionais | Sul | Venda direta,0.0,0.01,OK
Ponte Receita2024 × Vendas,4 | Periféricos profissionais | Sul | Venda direta,0.0,0.01,OK
Ponte Receita2025 × Vendas,4 | Periféricos profissionais | Sul | Venda direta,0.0,0.01,OK
Ponte PV Fecha,4 | Periféricos profissionais | Sul | Parceiros,0.0,0.01,OK
Volume Independente,4 | Periféricos profissionais | Sul | Parceiros,0.0,0.01,OK
Preço Independente,4 | Periféricos profissionais | Sul | Parceiros,5.684341886080802e-14,0.01,OK
Ponte Receita2024 × Vendas,4 | Periféricos profissionais | Sul | Parceiros,0.0,0.01,OK
Ponte Receita2025 × Vendas,4 | Periféricos profissionais | Sul | Parceiros,0.0,0.01,OK
Ponte PV Fecha,4 | Periféricos profissionais | Nordeste | Venda direta,1.8189894035458565e-12,0.01,OK
Volume Independente,4 | Periféricos profissionais | Nordeste | Venda direta,0.0,0.01,OK
Preço Independente,4 | Periféricos profissionais | Nordeste | Venda direta,0.0,0.01,OK
Ponte Receita2024 × Vendas,4 | Periféricos profissionais | Nordeste | Venda direta,0.0,0.01,OK
Ponte Receita2025 × Vendas,4 | Periféricos profissionais | Nordeste | Venda direta,0.0,0.01,OK
Ponte PV Fecha,4 | Periféricos profissionais | Nordeste | Parceiros,0.0,0.01,OK
Volume Independente,4 | Periféricos profissionais | Nordeste | Parceiros,0.0,0.01,OK
Preço Independente,4 | Periféricos profissionais | Nordeste | Parceiros,5.684341886080802e-14,0.01,OK
Ponte Receita2024 × Vendas,4 | Periféricos profissionais | Nordeste | Parceiros,0.0,0.01,OK
Ponte Receita2025 × Vendas,4 | Periféricos profissionais | Nordeste | Parceiros,0.0,0.01,OK
Ponte PV Fecha,5 | Estações de trabalho | Sudeste | Venda direta,5.820766091346741e-11,0.01,OK
Volume Independente,5 | Estações de trabalho | Sudeste | Venda direta,7.275957614183426e-12,0.01,OK
Preço Independente,5 | Estações de trabalho | Sudeste | Venda direta,0.0,0.01,OK
Ponte Receita2024 × Vendas,5 | Estações de trabalho | Sudeste | Venda direta,0.0,0.01,OK
Ponte Receita2025 × Vendas,5 | Estações de trabalho | Sudeste | Venda direta,0.0,0.01,OK
Ponte PV Fecha,5 | Estações de trabalho | Sudeste | Parceiros,0.0,0.01,OK
Volume Independente,5 | Estações de trabalho | Sudeste | Parceiros,0,0.01,OK
Preço Independente,5 | Estações de trabalho | Sudeste | Parceiros,0.0,0.01,OK
Ponte Receita2024 × Vendas,5 | Estações de trabalho | Sudeste | Parceiros,0,0.01,OK
Ponte Receita2025 × Vendas,5 | Estações de trabalho | Sudeste | Parceiros,0.0,0.01,OK
Ponte PV Fecha,5 | Estações de trabalho | Sul | Venda direta,2.9103830456733704e-11,0.01,OK
Volume Independente,5 | Estações de trabalho | Sul | Venda direta,3.637978807091713e-12,0.01,OK
Preço Independente,5 | Estações de trabalho | Sul | Venda direta,0.0,0.01,OK
Ponte Receita2024 × Vendas,5 | Estações de trabalho | Sul | Venda direta,0.0,0.01,OK
Ponte Receita2025 × Vendas,5 | Estações de trabalho | Sul | Venda direta,0.0,0.01,OK
Ponte PV Fecha,5 | Estações de trabalho | Sul | Parceiros,0.0,0.01,OK
Volume Independente,5 | Estações de trabalho | Sul | Parceiros,0,0.01,OK
Preço Independente,5 | Estações de trabalho | Sul | Parceiros,0.0,0.01,OK
Ponte Receita2024 × Vendas,5 | Estações de trabalho | Sul | Parceiros,0,0.01,OK
Ponte Receita2025 × Vendas,5 | Estações de trabalho | Sul | Parceiros,0.0,0.01,OK
Ponte PV Fecha,5 | Estações de trabalho | Nordeste | Venda direta,0.0,0.01,OK
Volume Independente,5 | Estações de trabalho | Nordeste | Venda direta,0.0,0.01,OK
Preço Independente,5 | Estações de trabalho | Nordeste | Venda direta,0.0,0.01,OK
Ponte Receita2024 × Vendas,5 | Estações de trabalho | Nordeste | Venda direta,0.0,0.01,OK
Ponte Receita2025 × Vendas,5 | Estações de trabalho | Nordeste | Venda direta,0.0,0.01,OK
Ponte PV Fecha,5 | Estações de trabalho | Nordeste | Parceiros,0.0,0.01,OK
Volume Independente,5 | Estações de trabalho | Nordeste | Parceiros,0,0.01,OK
Preço Independente,5 | Estações de trabalho | Nordeste | Parceiros,4.547473508864641e-13,0.01,OK
Ponte Receita2024 × Vendas,5 | Estações de trabalho | Nordeste | Parceiros,0,0.01,OK
Ponte Receita2025 × Vendas,5 | Estações de trabalho | Nordeste | Parceiros,0.0,0.01,OK
Ponte PV Fecha,5 | Equipamentos de rede | Sudeste | Venda direta,2.9103830456733704e-11,0.01,OK
Volume Independente,5 | Equipamentos de rede | Sudeste | Venda direta,3.637978807091713e-12,0.01,OK
Preço Independente,5 | Equipamentos de rede | Sudeste | Venda direta,0.0,0.01,OK
Ponte Receita2024 × Vendas,5 | Equipamentos de rede | Sudeste | Venda direta,0.0,0.01,OK
Ponte Receita2025 × Vendas,5 | Equipamentos de rede | Sudeste | Venda direta,0.0,0.01,OK
Ponte PV Fecha,5 | Equipamentos de rede | Sudeste | Parceiros,0.0,0.01,OK
Volume Independente,5 | Equipamentos de rede | Sudeste | Parceiros,0,0.01,OK
Preço Independente,5 | Equipamentos de rede | Sudeste | Parceiros,4.547473508864641e-13,0.01,OK
Ponte Receita2024 × Vendas,5 | Equipamentos de rede | Sudeste | Parceiros,0,0.01,OK
Ponte Receita2025 × Vendas,5 | Equipamentos de rede | Sudeste | Parceiros,0.0,0.01,OK
Ponte PV Fecha,5 | Equipamentos de rede | Sul | Venda direta,0.0,0.01,OK
Volume Independente,5 | Equipamentos de rede | Sul | Venda direta,0.0,0.01,OK
Preço Independente,5 | Equipamentos de rede | Sul | Venda direta,4.547473508864641e-13,0.01,OK
Ponte Receita2024 × Vendas,5 | Equipamentos de rede | Sul | Venda direta,0.0,0.01,OK
Ponte Receita2025 × Vendas,5 | Equipamentos de rede | Sul | Venda direta,0.0,0.01,OK
Ponte PV Fecha,5 | Equipamentos de rede | Sul | Parceiros,0.0,0.01,OK
Volume Independente,5 | Equipamentos de rede | Sul | Parceiros,0,0.01,OK
Preço Independente,5 | Equipamentos de rede | Sul | Parceiros,4.547473508864641e-13,0.01,OK
Ponte Receita2024 × Vendas,5 | Equipamentos de rede | Sul | Parceiros,0,0.01,OK
Ponte Receita2025 × Vendas,5 | Equipamentos de rede | Sul | Parceiros,0.0,0.01,OK
Ponte PV Fecha,5 | Equipamentos de rede | Nordeste | Venda direta,7.275957614183426e-12,0.01,OK
Volume Independente,5 | Equipamentos de rede | Nordeste | Venda direta,0.0,0.01,OK
Preço Independente,5 | Equipamentos de rede | Nordeste | Venda direta,4.547473508864641e-13,0.01,OK
Ponte Receita2024 × Vendas,5 | Equipamentos de rede | Nordeste | Venda direta,0.0,0.01,OK
Ponte Receita2025 × Vendas,5 | Equipamentos de rede | Nordeste | Venda direta,0.0,0.01,OK
Ponte PV Fecha,5 | Equipamentos de rede | Nordeste | Parceiros,0.0,0.01,OK
Volume Independente,5 | Equipamentos de rede | Nordeste | Parceiros,0,0.01,OK
Preço Independente,5 | Equipamentos de rede | Nordeste | Parceiros,0.0,0.01,OK
Ponte Receita2024 × Vendas,5 | Equipamentos de rede | Nordeste | Parceiros,0,0.01,OK
Ponte Receita2025 × Vendas,5 | Equipamentos de rede | Nordeste | Parceiros,0.0,0.01,OK
Ponte PV Fecha,5 | Periféricos profissionais | Sudeste | Venda direta,0.0,0.01,OK
Volume Independente,5 | Periféricos profissionais | Sudeste | Venda direta,0.0,0.01,OK
Preço Independente,5 | Periféricos profissionais | Sudeste | Venda direta,4.547473508864641e-13,0.01,OK
Ponte Receita2024 × Vendas,5 | Periféricos profissionais | Sudeste | Venda direta,0.0,0.01,OK
Ponte Receita2025 × Vendas,5 | Periféricos profissionais | Sudeste | Venda direta,0.0,0.01,OK
Ponte PV Fecha,5 | Periféricos profissionais | Sudeste | Parceiros,3.637978807091713e-12,0.01,OK
Volume Independente,5 | Periféricos profissionais | Sudeste | Parceiros,0.0,0.01,OK
Preço Independente,5 | Periféricos profissionais | Sudeste | Parceiros,0.0,0.01,OK
Ponte Receita2024 × Vendas,5 | Periféricos profissionais | Sudeste | Parceiros,0.0,0.01,OK
Ponte Receita2025 × Vendas,5 | Periféricos profissionais | Sudeste | Parceiros,0.0,0.01,OK
Ponte PV Fecha,5 | Periféricos profissionais | Sul | Venda direta,0.0,0.01,OK
Volume Independente,5 | Periféricos profissionais | Sul | Venda direta,0.0,0.01,OK
Preço Independente,5 | Periféricos profissionais | Sul | Venda direta,0.0,0.01,OK
Ponte Receita2024 × Vendas,5 | Periféricos profissionais | Sul | Venda direta,0.0,0.01,OK
Ponte Receita2025 × Vendas,5 | Periféricos profissionais | Sul | Venda direta,0.0,0.01,OK
Ponte PV Fecha,5 | Periféricos profissionais | Sul | Parceiros,1.8189894035458565e-12,0.01,OK
Volume Independente,5 | Periféricos profissionais | Sul | Parceiros,0.0,0.01,OK
Preço Independente,5 | Periféricos profissionais | Sul | Parceiros,5.684341886080802e-14,0.01,OK
Ponte Receita2024 × Vendas,5 | Periféricos profissionais | Sul | Parceiros,0.0,0.01,OK
Ponte Receita2025 × Vendas,5 | Periféricos profissionais | Sul | Parceiros,0.0,0.01,OK
Ponte PV Fecha,5 | Periféricos profissionais | Nordeste | Venda direta,0.0,0.01,OK
Volume Independente,5 | Periféricos profissionais | Nordeste | Venda direta,0.0,0.01,OK
Preço Independente,5 | Periféricos profissionais | Nordeste | Venda direta,0.0,0.01,OK
Ponte Receita2024 × Vendas,5 | Periféricos profissionais | Nordeste | Venda direta,0.0,0.01,OK
Ponte Receita2025 × Vendas,5 | Periféricos profissionais | Nordeste | Venda direta,0.0,0.01,OK
Ponte PV Fecha,5 | Periféricos profissionais | Nordeste | Parceiros,0.0,0.01,OK
Volume Independente,5 | Periféricos profissionais | Nordeste | Parceiros,0.0,0.01,OK
Preço Independente,5 | Periféricos profissionais | Nordeste | Parceiros,5.684341886080802e-14,0.01,OK
Ponte Receita2024 × Vendas,5 | Periféricos profissionais | Nordeste | Parceiros,0.0,0.01,OK
Ponte Receita2025 × Vendas,5 | Periféricos profissionais | Nordeste | Parceiros,0.0,0.01,OK
Ponte PV Fecha,6 | Estações de trabalho | Sudeste | Venda direta,5.820766091346741e-11,0.01,OK
Volume Independente,6 | Estações de trabalho | Sudeste | Venda direta,0.0,0.01,OK
Preço Independente,6 | Estações de trabalho | Sudeste | Venda direta,3.637978807091713e-12,0.01,OK
Ponte Receita2024 × Vendas,6 | Estações de trabalho | Sudeste | Venda direta,0.0,0.01,OK
Ponte Receita2025 × Vendas,6 | Estações de trabalho | Sudeste | Venda direta,0.0,0.01,OK
Ponte PV Fecha,6 | Estações de trabalho | Sudeste | Parceiros,0.0,0.01,OK
Volume Independente,6 | Estações de trabalho | Sudeste | Parceiros,0,0.01,OK
Preço Independente,6 | Estações de trabalho | Sudeste | Parceiros,0.0,0.01,OK
Ponte Receita2024 × Vendas,6 | Estações de trabalho | Sudeste | Parceiros,0,0.01,OK
Ponte Receita2025 × Vendas,6 | Estações de trabalho | Sudeste | Parceiros,0.0,0.01,OK
Ponte PV Fecha,6 | Estações de trabalho | Sul | Venda direta,2.9103830456733704e-11,0.01,OK
Volume Independente,6 | Estações de trabalho | Sul | Venda direta,0.0,0.01,OK
Preço Independente,6 | Estações de trabalho | Sul | Venda direta,0.0,0.01,OK
Ponte Receita2024 × Vendas,6 | Estações de trabalho | Sul | Venda direta,0,0.01,OK
Ponte Receita2025 × Vendas,6 | Estações de trabalho | Sul | Venda direta,0.0,0.01,OK
Ponte PV Fecha,6 | Estações de trabalho | Sul | Parceiros,0.0,0.01,OK
Volume Independente,6 | Estações de trabalho | Sul | Parceiros,0,0.01,OK
Preço Independente,6 | Estações de trabalho | Sul | Parceiros,4.547473508864641e-13,0.01,OK
Ponte Receita2024 × Vendas,6 | Estações de trabalho | Sul | Parceiros,0,0.01,OK
Ponte Receita2025 × Vendas,6 | Estações de trabalho | Sul | Parceiros,0.0,0.01,OK
Ponte PV Fecha,6 | Estações de trabalho | Nordeste | Venda direta,0.0,0.01,OK
Volume Independente,6 | Estações de trabalho | Nordeste | Venda direta,0.0,0.01,OK
Preço Independente,6 | Estações de trabalho | Nordeste | Venda direta,0.0,0.01,OK
Ponte Receita2024 × Vendas,6 | Estações de trabalho | Nordeste | Venda direta,0.0,0.01,OK
Ponte Receita2025 × Vendas,6 | Estações de trabalho | Nordeste | Venda direta,0.0,0.01,OK
Ponte PV Fecha,6 | Estações de trabalho | Nordeste | Parceiros,0.0,0.01,OK
Volume Independente,6 | Estações de trabalho | Nordeste | Parceiros,0,0.01,OK
Preço Independente,6 | Estações de trabalho | Nordeste | Parceiros,4.547473508864641e-13,0.01,OK
Ponte Receita2024 × Vendas,6 | Estações de trabalho | Nordeste | Parceiros,0,0.01,OK
Ponte Receita2025 × Vendas,6 | Estações de trabalho | Nordeste | Parceiros,0.0,0.01,OK
Ponte PV Fecha,6 | Equipamentos de rede | Sudeste | Venda direta,0.0,0.01,OK
Volume Independente,6 | Equipamentos de rede | Sudeste | Venda direta,0.0,0.01,OK
Preço Independente,6 | Equipamentos de rede | Sudeste | Venda direta,9.094947017729282e-13,0.01,OK
Ponte Receita2024 × Vendas,6 | Equipamentos de rede | Sudeste | Venda direta,0,0.01,OK
Ponte Receita2025 × Vendas,6 | Equipamentos de rede | Sudeste | Venda direta,0.0,0.01,OK
Ponte PV Fecha,6 | Equipamentos de rede | Sudeste | Parceiros,0.0,0.01,OK
Volume Independente,6 | Equipamentos de rede | Sudeste | Parceiros,0,0.01,OK
Preço Independente,6 | Equipamentos de rede | Sudeste | Parceiros,0.0,0.01,OK
Ponte Receita2024 × Vendas,6 | Equipamentos de rede | Sudeste | Parceiros,0,0.01,OK
Ponte Receita2025 × Vendas,6 | Equipamentos de rede | Sudeste | Parceiros,0.0,0.01,OK
Ponte PV Fecha,6 | Equipamentos de rede | Sul | Venda direta,1.4551915228366852e-11,0.01,OK
Volume Independente,6 | Equipamentos de rede | Sul | Venda direta,0.0,0.01,OK
Preço Independente,6 | Equipamentos de rede | Sul | Venda direta,4.547473508864641e-13,0.01,OK
Ponte Receita2024 × Vendas,6 | Equipamentos de rede | Sul | Venda direta,0.0,0.01,OK
Ponte Receita2025 × Vendas,6 | Equipamentos de rede | Sul | Venda direta,0.0,0.01,OK
Ponte PV Fecha,6 | Equipamentos de rede | Sul | Parceiros,7.275957614183426e-12,0.01,OK
Volume Independente,6 | Equipamentos de rede | Sul | Parceiros,0,0.01,OK
Preço Independente,6 | Equipamentos de rede | Sul | Parceiros,4.547473508864641e-13,0.01,OK
Ponte Receita2024 × Vendas,6 | Equipamentos de rede | Sul | Parceiros,0,0.01,OK
Ponte Receita2025 × Vendas,6 | Equipamentos de rede | Sul | Parceiros,0.0,0.01,OK
Ponte PV Fecha,6 | Equipamentos de rede | Nordeste | Venda direta,0.0,0.01,OK
Volume Independente,6 | Equipamentos de rede | Nordeste | Venda direta,0.0,0.01,OK
Preço Independente,6 | Equipamentos de rede | Nordeste | Venda direta,4.547473508864641e-13,0.01,OK
Ponte Receita2024 × Vendas,6 | Equipamentos de rede | Nordeste | Venda direta,0.0,0.01,OK
Ponte Receita2025 × Vendas,6 | Equipamentos de rede | Nordeste | Venda direta,0.0,0.01,OK
Ponte PV Fecha,6 | Equipamentos de rede | Nordeste | Parceiros,0.0,0.01,OK
Volume Independente,6 | Equipamentos de rede | Nordeste | Parceiros,0,0.01,OK
Preço Independente,6 | Equipamentos de rede | Nordeste | Parceiros,0.0,0.01,OK
Ponte Receita2024 × Vendas,6 | Equipamentos de rede | Nordeste | Parceiros,0,0.01,OK
Ponte Receita2025 × Vendas,6 | Equipamentos de rede | Nordeste | Parceiros,0.0,0.01,OK
Ponte PV Fecha,6 | Periféricos profissionais | Sudeste | Venda direta,0.0,0.01,OK
Volume Independente,6 | Periféricos profissionais | Sudeste | Venda direta,0.0,0.01,OK
Preço Independente,6 | Periféricos profissionais | Sudeste | Venda direta,4.547473508864641e-13,0.01,OK
Ponte Receita2024 × Vendas,6 | Periféricos profissionais | Sudeste | Venda direta,0,0.01,OK
Ponte Receita2025 × Vendas,6 | Periféricos profissionais | Sudeste | Venda direta,0.0,0.01,OK
Ponte PV Fecha,6 | Periféricos profissionais | Sudeste | Parceiros,3.637978807091713e-12,0.01,OK
Volume Independente,6 | Periféricos profissionais | Sudeste | Parceiros,0.0,0.01,OK
Preço Independente,6 | Periféricos profissionais | Sudeste | Parceiros,0.0,0.01,OK
Ponte Receita2024 × Vendas,6 | Periféricos profissionais | Sudeste | Parceiros,0.0,0.01,OK
Ponte Receita2025 × Vendas,6 | Periféricos profissionais | Sudeste | Parceiros,0.0,0.01,OK
Ponte PV Fecha,6 | Periféricos profissionais | Sul | Venda direta,0.0,0.01,OK
Volume Independente,6 | Periféricos profissionais | Sul | Venda direta,0.0,0.01,OK
Preço Independente,6 | Periféricos profissionais | Sul | Venda direta,0.0,0.01,OK
Ponte Receita2024 × Vendas,6 | Periféricos profissionais | Sul | Venda direta,0.0,0.01,OK
Ponte Receita2025 × Vendas,6 | Periféricos profissionais | Sul | Venda direta,0.0,0.01,OK
Ponte PV Fecha,6 | Periféricos profissionais | Sul | Parceiros,1.8189894035458565e-12,0.01,OK
Volume Independente,6 | Periféricos profissionais | Sul | Parceiros,0.0,0.01,OK
Preço Independente,6 | Periféricos profissionais | Sul | Parceiros,5.684341886080802e-14,0.01,OK
Ponte Receita2024 × Vendas,6 | Periféricos profissionais | Sul | Parceiros,0.0,0.01,OK
Ponte Receita2025 × Vendas,6 | Periféricos profissionais | Sul | Parceiros,0.0,0.01,OK
Ponte PV Fecha,6 | Periféricos profissionais | Nordeste | Venda direta,0.0,0.01,OK
Volume Independente,6 | Periféricos profissionais | Nordeste | Venda direta,0.0,0.01,OK
Preço Independente,6 | Periféricos profissionais | Nordeste | Venda direta,0.0,0.01,OK
Ponte Receita2024 × Vendas,6 | Periféricos profissionais | Nordeste | Venda direta,0.0,0.01,OK
Ponte Receita2025 × Vendas,6 | Periféricos profissionais | Nordeste | Venda direta,0.0,0.01,OK
Ponte PV Fecha,6 | Periféricos profissionais | Nordeste | Parceiros,0.0,0.01,OK
Volume Independente,6 | Periféricos profissionais | Nordeste | Parceiros,0.0,0.01,OK
Preço Independente,6 | Periféricos profissionais | Nordeste | Parceiros,5.684341886080802e-14,0.01,OK
Ponte Receita2024 × Vendas,6 | Periféricos profissionais | Nordeste | Parceiros,0.0,0.01,OK
Ponte Receita2025 × Vendas,6 | Periféricos profissionais | Nordeste | Parceiros,0.0,0.01,OK
Ponte PV Fecha,7 | Estações de trabalho | Sudeste | Venda direta,5.820766091346741e-11,0.01,OK
Volume Independente,7 | Estações de trabalho | Sudeste | Venda direta,0.0,0.01,OK
Preço Independente,7 | Estações de trabalho | Sudeste | Venda direta,1.8189894035458565e-12,0.01,OK
Ponte Receita2024 × Vendas,7 | Estações de trabalho | Sudeste | Venda direta,0,0.01,OK
Ponte Receita2025 × Vendas,7 | Estações de trabalho | Sudeste | Venda direta,0.0,0.01,OK
Ponte PV Fecha,7 | Estações de trabalho | Sudeste | Parceiros,2.9103830456733704e-11,0.01,OK
Volume Independente,7 | Estações de trabalho | Sudeste | Parceiros,0,0.01,OK
Preço Independente,7 | Estações de trabalho | Sudeste | Parceiros,0.0,0.01,OK
Ponte Receita2024 × Vendas,7 | Estações de trabalho | Sudeste | Parceiros,0,0.01,OK
Ponte Receita2025 × Vendas,7 | Estações de trabalho | Sudeste | Parceiros,0.0,0.01,OK
Ponte PV Fecha,7 | Estações de trabalho | Sul | Venda direta,1.4551915228366852e-11,0.01,OK
Volume Independente,7 | Estações de trabalho | Sul | Venda direta,0.0,0.01,OK
Preço Independente,7 | Estações de trabalho | Sul | Venda direta,0.0,0.01,OK
Ponte Receita2024 × Vendas,7 | Estações de trabalho | Sul | Venda direta,0.0,0.01,OK
Ponte Receita2025 × Vendas,7 | Estações de trabalho | Sul | Venda direta,0.0,0.01,OK
Ponte PV Fecha,7 | Estações de trabalho | Sul | Parceiros,7.275957614183426e-12,0.01,OK
Volume Independente,7 | Estações de trabalho | Sul | Parceiros,0,0.01,OK
Preço Independente,7 | Estações de trabalho | Sul | Parceiros,0.0,0.01,OK
Ponte Receita2024 × Vendas,7 | Estações de trabalho | Sul | Parceiros,0,0.01,OK
Ponte Receita2025 × Vendas,7 | Estações de trabalho | Sul | Parceiros,0,0.01,OK
Ponte PV Fecha,7 | Estações de trabalho | Nordeste | Venda direta,1.4551915228366852e-11,0.01,OK
Volume Independente,7 | Estações de trabalho | Nordeste | Venda direta,0.0,0.01,OK
Preço Independente,7 | Estações de trabalho | Nordeste | Venda direta,4.547473508864641e-13,0.01,OK
Ponte Receita2024 × Vendas,7 | Estações de trabalho | Nordeste | Venda direta,0.0,0.01,OK
Ponte Receita2025 × Vendas,7 | Estações de trabalho | Nordeste | Venda direta,0.0,0.01,OK
Ponte PV Fecha,7 | Estações de trabalho | Nordeste | Parceiros,0.0,0.01,OK
Volume Independente,7 | Estações de trabalho | Nordeste | Parceiros,0,0.01,OK
Preço Independente,7 | Estações de trabalho | Nordeste | Parceiros,2.2737367544323206e-13,0.01,OK
Ponte Receita2024 × Vendas,7 | Estações de trabalho | Nordeste | Parceiros,0,0.01,OK
Ponte Receita2025 × Vendas,7 | Estações de trabalho | Nordeste | Parceiros,0.0,0.01,OK
Ponte PV Fecha,7 | Equipamentos de rede | Sudeste | Venda direta,0.0,0.01,OK
Volume Independente,7 | Equipamentos de rede | Sudeste | Venda direta,0.0,0.01,OK
Preço Independente,7 | Equipamentos de rede | Sudeste | Venda direta,0.0,0.01,OK
Ponte Receita2024 × Vendas,7 | Equipamentos de rede | Sudeste | Venda direta,0.0,0.01,OK
Ponte Receita2025 × Vendas,7 | Equipamentos de rede | Sudeste | Venda direta,0.0,0.01,OK
Ponte PV Fecha,7 | Equipamentos de rede | Sudeste | Parceiros,0.0,0.01,OK
Volume Independente,7 | Equipamentos de rede | Sudeste | Parceiros,0,0.01,OK
Preço Independente,7 | Equipamentos de rede | Sudeste | Parceiros,0.0,0.01,OK
Ponte Receita2024 × Vendas,7 | Equipamentos de rede | Sudeste | Parceiros,0,0.01,OK
Ponte Receita2025 × Vendas,7 | Equipamentos de rede | Sudeste | Parceiros,0.0,0.01,OK
Ponte PV Fecha,7 | Equipamentos de rede | Sul | Venda direta,7.275957614183426e-12,0.01,OK
Volume Independente,7 | Equipamentos de rede | Sul | Venda direta,0.0,0.01,OK
Preço Independente,7 | Equipamentos de rede | Sul | Venda direta,0.0,0.01,OK
Ponte Receita2024 × Vendas,7 | Equipamentos de rede | Sul | Venda direta,0,0.01,OK
Ponte Receita2025 × Vendas,7 | Equipamentos de rede | Sul | Venda direta,0.0,0.01,OK
Ponte PV Fecha,7 | Equipamentos de rede | Sul | Parceiros,0.0,0.01,OK
Volume Independente,7 | Equipamentos de rede | Sul | Parceiros,0,0.01,OK
Preço Independente,7 | Equipamentos de rede | Sul | Parceiros,4.547473508864641e-13,0.01,OK
Ponte Receita2024 × Vendas,7 | Equipamentos de rede | Sul | Parceiros,0,0.01,OK
Ponte Receita2025 × Vendas,7 | Equipamentos de rede | Sul | Parceiros,0.0,0.01,OK
Ponte PV Fecha,7 | Equipamentos de rede | Nordeste | Venda direta,7.275957614183426e-12,0.01,OK
Volume Independente,7 | Equipamentos de rede | Nordeste | Venda direta,0.0,0.01,OK
Preço Independente,7 | Equipamentos de rede | Nordeste | Venda direta,2.2737367544323206e-13,0.01,OK
Ponte Receita2024 × Vendas,7 | Equipamentos de rede | Nordeste | Venda direta,0.0,0.01,OK
Ponte Receita2025 × Vendas,7 | Equipamentos de rede | Nordeste | Venda direta,0.0,0.01,OK
Ponte PV Fecha,7 | Equipamentos de rede | Nordeste | Parceiros,0.0,0.01,OK
Volume Independente,7 | Equipamentos de rede | Nordeste | Parceiros,0,0.01,OK
Preço Independente,7 | Equipamentos de rede | Nordeste | Parceiros,0.0,0.01,OK
Ponte Receita2024 × Vendas,7 | Equipamentos de rede | Nordeste | Parceiros,0,0.01,OK
Ponte Receita2025 × Vendas,7 | Equipamentos de rede | Nordeste | Parceiros,0.0,0.01,OK
Ponte PV Fecha,7 | Periféricos profissionais | Sudeste | Venda direta,0.0,0.01,OK
Volume Independente,7 | Periféricos profissionais | Sudeste | Venda direta,0.0,0.01,OK
Preço Independente,7 | Periféricos profissionais | Sudeste | Venda direta,2.2737367544323206e-13,0.01,OK
Ponte Receita2024 × Vendas,7 | Periféricos profissionais | Sudeste | Venda direta,0.0,0.01,OK
Ponte Receita2025 × Vendas,7 | Periféricos profissionais | Sudeste | Venda direta,0.0,0.01,OK
Ponte PV Fecha,7 | Periféricos profissionais | Sudeste | Parceiros,0.0,0.01,OK
Volume Independente,7 | Periféricos profissionais | Sudeste | Parceiros,0.0,0.01,OK
Preço Independente,7 | Periféricos profissionais | Sudeste | Parceiros,0.0,0.01,OK
Ponte Receita2024 × Vendas,7 | Periféricos profissionais | Sudeste | Parceiros,0.0,0.01,OK
Ponte Receita2025 × Vendas,7 | Periféricos profissionais | Sudeste | Parceiros,0.0,0.01,OK
Ponte PV Fecha,7 | Periféricos profissionais | Sul | Venda direta,0.0,0.01,OK
Volume Independente,7 | Periféricos profissionais | Sul | Venda direta,0.0,0.01,OK
Preço Independente,7 | Periféricos profissionais | Sul | Venda direta,0.0,0.01,OK
Ponte Receita2024 × Vendas,7 | Periféricos profissionais | Sul | Venda direta,0.0,0.01,OK
Ponte Receita2025 × Vendas,7 | Periféricos profissionais | Sul | Venda direta,0.0,0.01,OK
Ponte PV Fecha,7 | Periféricos profissionais | Sul | Parceiros,0.0,0.01,OK
Volume Independente,7 | Periféricos profissionais | Sul | Parceiros,0.0,0.01,OK
Preço Independente,7 | Periféricos profissionais | Sul | Parceiros,5.684341886080802e-14,0.01,OK
Ponte Receita2024 × Vendas,7 | Periféricos profissionais | Sul | Parceiros,0.0,0.01,OK
Ponte Receita2025 × Vendas,7 | Periféricos profissionais | Sul | Parceiros,0.0,0.01,OK
Ponte PV Fecha,7 | Periféricos profissionais | Nordeste | Venda direta,1.8189894035458565e-12,0.01,OK
Volume Independente,7 | Periféricos profissionais | Nordeste | Venda direta,0.0,0.01,OK
Preço Independente,7 | Periféricos profissionais | Nordeste | Venda direta,0.0,0.01,OK
Ponte Receita2024 × Vendas,7 | Periféricos profissionais | Nordeste | Venda direta,0.0,0.01,OK
Ponte Receita2025 × Vendas,7 | Periféricos profissionais | Nordeste | Venda direta,0.0,0.01,OK
Ponte PV Fecha,7 | Periféricos profissionais | Nordeste | Parceiros,0.0,0.01,OK
Volume Independente,7 | Periféricos profissionais | Nordeste | Parceiros,0.0,0.01,OK
Preço Independente,7 | Periféricos profissionais | Nordeste | Parceiros,5.684341886080802e-14,0.01,OK
Ponte Receita2024 × Vendas,7 | Periféricos profissionais | Nordeste | Parceiros,0.0,0.01,OK
Ponte Receita2025 × Vendas,7 | Periféricos profissionais | Nordeste | Parceiros,0.0,0.01,OK
Ponte PV Fecha,8 | Estações de trabalho | Sudeste | Venda direta,0.0,0.01,OK
Volume Independente,8 | Estações de trabalho | Sudeste | Venda direta,0.0,0.01,OK
Preço Independente,8 | Estações de trabalho | Sudeste | Venda direta,3.637978807091713e-12,0.01,OK
Ponte Receita2024 × Vendas,8 | Estações de trabalho | Sudeste | Venda direta,0.0,0.01,OK
Ponte Receita2025 × Vendas,8 | Estações de trabalho | Sudeste | Venda direta,0.0,0.01,OK
Ponte PV Fecha,8 | Estações de trabalho | Sudeste | Parceiros,0.0,0.01,OK
Volume Independente,8 | Estações de trabalho | Sudeste | Parceiros,0,0.01,OK
Preço Independente,8 | Estações de trabalho | Sudeste | Parceiros,0.0,0.01,OK
Ponte Receita2024 × Vendas,8 | Estações de trabalho | Sudeste | Parceiros,0,0.01,OK
Ponte Receita2025 × Vendas,8 | Estações de trabalho | Sudeste | Parceiros,0.0,0.01,OK
Ponte PV Fecha,8 | Estações de trabalho | Sul | Venda direta,2.9103830456733704e-11,0.01,OK
Volume Independente,8 | Estações de trabalho | Sul | Venda direta,0.0,0.01,OK
Preço Independente,8 | Estações de trabalho | Sul | Venda direta,0.0,0.01,OK
Ponte Receita2024 × Vendas,8 | Estações de trabalho | Sul | Venda direta,0,0.01,OK
Ponte Receita2025 × Vendas,8 | Estações de trabalho | Sul | Venda direta,0.0,0.01,OK
Ponte PV Fecha,8 | Estações de trabalho | Sul | Parceiros,0.0,0.01,OK
Volume Independente,8 | Estações de trabalho | Sul | Parceiros,0,0.01,OK
Preço Independente,8 | Estações de trabalho | Sul | Parceiros,4.547473508864641e-13,0.01,OK
Ponte Receita2024 × Vendas,8 | Estações de trabalho | Sul | Parceiros,0,0.01,OK
Ponte Receita2025 × Vendas,8 | Estações de trabalho | Sul | Parceiros,0.0,0.01,OK
Ponte PV Fecha,8 | Estações de trabalho | Nordeste | Venda direta,1.4551915228366852e-11,0.01,OK
Volume Independente,8 | Estações de trabalho | Nordeste | Venda direta,0.0,0.01,OK
Preço Independente,8 | Estações de trabalho | Nordeste | Venda direta,0.0,0.01,OK
Ponte Receita2024 × Vendas,8 | Estações de trabalho | Nordeste | Venda direta,0,0.01,OK
Ponte Receita2025 × Vendas,8 | Estações de trabalho | Nordeste | Venda direta,0.0,0.01,OK
Ponte PV Fecha,8 | Estações de trabalho | Nordeste | Parceiros,0.0,0.01,OK
Volume Independente,8 | Estações de trabalho | Nordeste | Parceiros,0,0.01,OK
Preço Independente,8 | Estações de trabalho | Nordeste | Parceiros,0.0,0.01,OK
Ponte Receita2024 × Vendas,8 | Estações de trabalho | Nordeste | Parceiros,0,0.01,OK
Ponte Receita2025 × Vendas,8 | Estações de trabalho | Nordeste | Parceiros,0.0,0.01,OK
Ponte PV Fecha,8 | Equipamentos de rede | Sudeste | Venda direta,0.0,0.01,OK
Volume Independente,8 | Equipamentos de rede | Sudeste | Venda direta,0.0,0.01,OK
Preço Independente,8 | Equipamentos de rede | Sudeste | Venda direta,0.0,0.01,OK
Ponte Receita2024 × Vendas,8 | Equipamentos de rede | Sudeste | Venda direta,0.0,0.01,OK
Ponte Receita2025 × Vendas,8 | Equipamentos de rede | Sudeste | Venda direta,0.0,0.01,OK
Ponte PV Fecha,8 | Equipamentos de rede | Sudeste | Parceiros,0.0,0.01,OK
Volume Independente,8 | Equipamentos de rede | Sudeste | Parceiros,0,0.01,OK
Preço Independente,8 | Equipamentos de rede | Sudeste | Parceiros,0.0,0.01,OK
Ponte Receita2024 × Vendas,8 | Equipamentos de rede | Sudeste | Parceiros,0,0.01,OK
Ponte Receita2025 × Vendas,8 | Equipamentos de rede | Sudeste | Parceiros,0.0,0.01,OK
Ponte PV Fecha,8 | Equipamentos de rede | Sul | Venda direta,0.0,0.01,OK
Volume Independente,8 | Equipamentos de rede | Sul | Venda direta,0.0,0.01,OK
Preço Independente,8 | Equipamentos de rede | Sul | Venda direta,0.0,0.01,OK
Ponte Receita2024 × Vendas,8 | Equipamentos de rede | Sul | Venda direta,0.0,0.01,OK
Ponte Receita2025 × Vendas,8 | Equipamentos de rede | Sul | Venda direta,0.0,0.01,OK
Ponte PV Fecha,8 | Equipamentos de rede | Sul | Parceiros,0.0,0.01,OK
Volume Independente,8 | Equipamentos de rede | Sul | Parceiros,0,0.01,OK
Preço Independente,8 | Equipamentos de rede | Sul | Parceiros,4.547473508864641e-13,0.01,OK
Ponte Receita2024 × Vendas,8 | Equipamentos de rede | Sul | Parceiros,0,0.01,OK
Ponte Receita2025 × Vendas,8 | Equipamentos de rede | Sul | Parceiros,0.0,0.01,OK
Ponte PV Fecha,8 | Equipamentos de rede | Nordeste | Venda direta,0.0,0.01,OK
Volume Independente,8 | Equipamentos de rede | Nordeste | Venda direta,0.0,0.01,OK
Preço Independente,8 | Equipamentos de rede | Nordeste | Venda direta,0.0,0.01,OK
Ponte Receita2024 × Vendas,8 | Equipamentos de rede | Nordeste | Venda direta,0.0,0.01,OK
Ponte Receita2025 × Vendas,8 | Equipamentos de rede | Nordeste | Venda direta,0.0,0.01,OK
Ponte PV Fecha,8 | Equipamentos de rede | Nordeste | Parceiros,0.0,0.01,OK
Volume Independente,8 | Equipamentos de rede | Nordeste | Parceiros,0,0.01,OK
Preço Independente,8 | Equipamentos de rede | Nordeste | Parceiros,4.547473508864641e-13,0.01,OK
Ponte Receita2024 × Vendas,8 | Equipamentos de rede | Nordeste | Parceiros,0,0.01,OK
Ponte Receita2025 × Vendas,8 | Equipamentos de rede | Nordeste | Parceiros,0.0,0.01,OK
Ponte PV Fecha,8 | Periféricos profissionais | Sudeste | Venda direta,0.0,0.01,OK
Volume Independente,8 | Periféricos profissionais | Sudeste | Venda direta,0.0,0.01,OK
Preço Independente,8 | Periféricos profissionais | Sudeste | Venda direta,2.2737367544323206e-13,0.01,OK
Ponte Receita2024 × Vendas,8 | Periféricos profissionais | Sudeste | Venda direta,0,0.01,OK
Ponte Receita2025 × Vendas,8 | Periféricos profissionais | Sudeste | Venda direta,0.0,0.01,OK
Ponte PV Fecha,8 | Periféricos profissionais | Sudeste | Parceiros,0.0,0.01,OK
Volume Independente,8 | Periféricos profissionais | Sudeste | Parceiros,0.0,0.01,OK
Preço Independente,8 | Periféricos profissionais | Sudeste | Parceiros,0.0,0.01,OK
Ponte Receita2024 × Vendas,8 | Periféricos profissionais | Sudeste | Parceiros,0.0,0.01,OK
Ponte Receita2025 × Vendas,8 | Periféricos profissionais | Sudeste | Parceiros,0.0,0.01,OK
Ponte PV Fecha,8 | Periféricos profissionais | Sul | Venda direta,0.0,0.01,OK
Volume Independente,8 | Periféricos profissionais | Sul | Venda direta,4.547473508864641e-13,0.01,OK
Preço Independente,8 | Periféricos profissionais | Sul | Venda direta,0.0,0.01,OK
Ponte Receita2024 × Vendas,8 | Periféricos profissionais | Sul | Venda direta,0.0,0.01,OK
Ponte Receita2025 × Vendas,8 | Periféricos profissionais | Sul | Venda direta,0.0,0.01,OK
Ponte PV Fecha,8 | Periféricos profissionais | Sul | Parceiros,1.8189894035458565e-12,0.01,OK
Volume Independente,8 | Periféricos profissionais | Sul | Parceiros,0.0,0.01,OK
Preço Independente,8 | Periféricos profissionais | Sul | Parceiros,5.684341886080802e-14,0.01,OK
Ponte Receita2024 × Vendas,8 | Periféricos profissionais | Sul | Parceiros,0.0,0.01,OK
Ponte Receita2025 × Vendas,8 | Periféricos profissionais | Sul | Parceiros,0.0,0.01,OK
Ponte PV Fecha,8 | Periféricos profissionais | Nordeste | Venda direta,0.0,0.01,OK
Volume Independente,8 | Periféricos profissionais | Nordeste | Venda direta,0.0,0.01,OK
Preço Independente,8 | Periféricos profissionais | Nordeste | Venda direta,0.0,0.01,OK
Ponte Receita2024 × Vendas,8 | Periféricos profissionais | Nordeste | Venda direta,0.0,0.01,OK
Ponte Receita2025 × Vendas,8 | Periféricos profissionais | Nordeste | Venda direta,0.0,0.01,OK
Ponte PV Fecha,8 | Periféricos profissionais | Nordeste | Parceiros,0.0,0.01,OK
Volume Independente,8 | Periféricos profissionais | Nordeste | Parceiros,0.0,0.01,OK
Preço Independente,8 | Periféricos profissionais | Nordeste | Parceiros,5.684341886080802e-14,0.01,OK
Ponte Receita2024 × Vendas,8 | Periféricos profissionais | Nordeste | Parceiros,0.0,0.01,OK
Ponte Receita2025 × Vendas,8 | Periféricos profissionais | Nordeste | Parceiros,0.0,0.01,OK
Ponte PV Fecha,9 | Estações de trabalho | Sudeste | Venda direta,5.820766091346741e-11,0.01,OK
Volume Independente,9 | Estações de trabalho | Sudeste | Venda direta,1.8189894035458565e-12,0.01,OK
Preço Independente,9 | Estações de trabalho | Sudeste | Venda direta,1.8189894035458565e-12,0.01,OK
Ponte Receita2024 × Vendas,9 | Estações de trabalho | Sudeste | Venda direta,0.0,0.01,OK
Ponte Receita2025 × Vendas,9 | Estações de trabalho | Sudeste | Venda direta,0.0,0.01,OK
Ponte PV Fecha,9 | Estações de trabalho | Sudeste | Parceiros,0.0,0.01,OK
Volume Independente,9 | Estações de trabalho | Sudeste | Parceiros,0,0.01,OK
Preço Independente,9 | Estações de trabalho | Sudeste | Parceiros,9.094947017729282e-13,0.01,OK
Ponte Receita2024 × Vendas,9 | Estações de trabalho | Sudeste | Parceiros,0,0.01,OK
Ponte Receita2025 × Vendas,9 | Estações de trabalho | Sudeste | Parceiros,0.0,0.01,OK
Ponte PV Fecha,9 | Estações de trabalho | Sul | Venda direta,2.9103830456733704e-11,0.01,OK
Volume Independente,9 | Estações de trabalho | Sul | Venda direta,0.0,0.01,OK
Preço Independente,9 | Estações de trabalho | Sul | Venda direta,0.0,0.01,OK
Ponte Receita2024 × Vendas,9 | Estações de trabalho | Sul | Venda direta,0.0,0.01,OK
Ponte Receita2025 × Vendas,9 | Estações de trabalho | Sul | Venda direta,0.0,0.01,OK
Ponte PV Fecha,9 | Estações de trabalho | Sul | Parceiros,0.0,0.01,OK
Volume Independente,9 | Estações de trabalho | Sul | Parceiros,0,0.01,OK
Preço Independente,9 | Estações de trabalho | Sul | Parceiros,4.547473508864641e-13,0.01,OK
Ponte Receita2024 × Vendas,9 | Estações de trabalho | Sul | Parceiros,0,0.01,OK
Ponte Receita2025 × Vendas,9 | Estações de trabalho | Sul | Parceiros,0.0,0.01,OK
Ponte PV Fecha,9 | Estações de trabalho | Nordeste | Venda direta,1.4551915228366852e-11,0.01,OK
Volume Independente,9 | Estações de trabalho | Nordeste | Venda direta,0.0,0.01,OK
Preço Independente,9 | Estações de trabalho | Nordeste | Venda direta,9.094947017729282e-13,0.01,OK
Ponte Receita2024 × Vendas,9 | Estações de trabalho | Nordeste | Venda direta,0.0,0.01,OK
Ponte Receita2025 × Vendas,9 | Estações de trabalho | Nordeste | Venda direta,0.0,0.01,OK
Ponte PV Fecha,9 | Estações de trabalho | Nordeste | Parceiros,0.0,0.01,OK
Volume Independente,9 | Estações de trabalho | Nordeste | Parceiros,0,0.01,OK
Preço Independente,9 | Estações de trabalho | Nordeste | Parceiros,0.0,0.01,OK
Ponte Receita2024 × Vendas,9 | Estações de trabalho | Nordeste | Parceiros,0,0.01,OK
Ponte Receita2025 × Vendas,9 | Estações de trabalho | Nordeste | Parceiros,0.0,0.01,OK
Ponte PV Fecha,9 | Equipamentos de rede | Sudeste | Venda direta,0.0,0.01,OK
Volume Independente,9 | Equipamentos de rede | Sudeste | Venda direta,0.0,0.01,OK
Preço Independente,9 | Equipamentos de rede | Sudeste | Venda direta,0.0,0.01,OK
Ponte Receita2024 × Vendas,9 | Equipamentos de rede | Sudeste | Venda direta,0.0,0.01,OK
Ponte Receita2025 × Vendas,9 | Equipamentos de rede | Sudeste | Venda direta,0.0,0.01,OK
Ponte PV Fecha,9 | Equipamentos de rede | Sudeste | Parceiros,0.0,0.01,OK
Volume Independente,9 | Equipamentos de rede | Sudeste | Parceiros,0,0.01,OK
Preço Independente,9 | Equipamentos de rede | Sudeste | Parceiros,0.0,0.01,OK
Ponte Receita2024 × Vendas,9 | Equipamentos de rede | Sudeste | Parceiros,0,0.01,OK
Ponte Receita2025 × Vendas,9 | Equipamentos de rede | Sudeste | Parceiros,0.0,0.01,OK
Ponte PV Fecha,9 | Equipamentos de rede | Sul | Venda direta,0.0,0.01,OK
Volume Independente,9 | Equipamentos de rede | Sul | Venda direta,0.0,0.01,OK
Preço Independente,9 | Equipamentos de rede | Sul | Venda direta,0.0,0.01,OK
Ponte Receita2024 × Vendas,9 | Equipamentos de rede | Sul | Venda direta,0.0,0.01,OK
Ponte Receita2025 × Vendas,9 | Equipamentos de rede | Sul | Venda direta,0.0,0.01,OK
Ponte PV Fecha,9 | Equipamentos de rede | Sul | Parceiros,7.275957614183426e-12,0.01,OK
Volume Independente,9 | Equipamentos de rede | Sul | Parceiros,0,0.01,OK
Preço Independente,9 | Equipamentos de rede | Sul | Parceiros,4.547473508864641e-13,0.01,OK
Ponte Receita2024 × Vendas,9 | Equipamentos de rede | Sul | Parceiros,0,0.01,OK
Ponte Receita2025 × Vendas,9 | Equipamentos de rede | Sul | Parceiros,0.0,0.01,OK
Ponte PV Fecha,9 | Equipamentos de rede | Nordeste | Venda direta,0.0,0.01,OK
Volume Independente,9 | Equipamentos de rede | Nordeste | Venda direta,0.0,0.01,OK
Preço Independente,9 | Equipamentos de rede | Nordeste | Venda direta,0.0,0.01,OK
Ponte Receita2024 × Vendas,9 | Equipamentos de rede | Nordeste | Venda direta,0.0,0.01,OK
Ponte Receita2025 × Vendas,9 | Equipamentos de rede | Nordeste | Venda direta,0.0,0.01,OK
Ponte PV Fecha,9 | Equipamentos de rede | Nordeste | Parceiros,0.0,0.01,OK
Volume Independente,9 | Equipamentos de rede | Nordeste | Parceiros,0,0.01,OK
Preço Independente,9 | Equipamentos de rede | Nordeste | Parceiros,4.547473508864641e-13,0.01,OK
Ponte Receita2024 × Vendas,9 | Equipamentos de rede | Nordeste | Parceiros,0,0.01,OK
Ponte Receita2025 × Vendas,9 | Equipamentos de rede | Nordeste | Parceiros,0.0,0.01,OK
Ponte PV Fecha,9 | Periféricos profissionais | Sudeste | Venda direta,0.0,0.01,OK
Volume Independente,9 | Periféricos profissionais | Sudeste | Venda direta,0.0,0.01,OK
Preço Independente,9 | Periféricos profissionais | Sudeste | Venda direta,2.2737367544323206e-13,0.01,OK
Ponte Receita2024 × Vendas,9 | Periféricos profissionais | Sudeste | Venda direta,0.0,0.01,OK
Ponte Receita2025 × Vendas,9 | Periféricos profissionais | Sudeste | Venda direta,0.0,0.01,OK
Ponte PV Fecha,9 | Periféricos profissionais | Sudeste | Parceiros,0.0,0.01,OK
Volume Independente,9 | Periféricos profissionais | Sudeste | Parceiros,0.0,0.01,OK
Preço Independente,9 | Periféricos profissionais | Sudeste | Parceiros,0.0,0.01,OK
Ponte Receita2024 × Vendas,9 | Periféricos profissionais | Sudeste | Parceiros,0.0,0.01,OK
Ponte Receita2025 × Vendas,9 | Periféricos profissionais | Sudeste | Parceiros,0.0,0.01,OK
Ponte PV Fecha,9 | Periféricos profissionais | Sul | Venda direta,3.637978807091713e-12,0.01,OK
Volume Independente,9 | Periféricos profissionais | Sul | Venda direta,0.0,0.01,OK
Preço Independente,9 | Periféricos profissionais | Sul | Venda direta,0.0,0.01,OK
Ponte Receita2024 × Vendas,9 | Periféricos profissionais | Sul | Venda direta,0.0,0.01,OK
Ponte Receita2025 × Vendas,9 | Periféricos profissionais | Sul | Venda direta,0.0,0.01,OK
Ponte PV Fecha,9 | Periféricos profissionais | Sul | Parceiros,0.0,0.01,OK
Volume Independente,9 | Periféricos profissionais | Sul | Parceiros,0.0,0.01,OK
Preço Independente,9 | Periféricos profissionais | Sul | Parceiros,5.684341886080802e-14,0.01,OK
Ponte Receita2024 × Vendas,9 | Periféricos profissionais | Sul | Parceiros,0.0,0.01,OK
Ponte Receita2025 × Vendas,9 | Periféricos profissionais | Sul | Parceiros,0.0,0.01,OK
Ponte PV Fecha,9 | Periféricos profissionais | Nordeste | Venda direta,0.0,0.01,OK
Volume Independente,9 | Periféricos profissionais | Nordeste | Venda direta,0.0,0.01,OK
Preço Independente,9 | Periféricos profissionais | Nordeste | Venda direta,0.0,0.01,OK
Ponte Receita2024 × Vendas,9 | Periféricos profissionais | Nordeste | Venda direta,0.0,0.01,OK
Ponte Receita2025 × Vendas,9 | Periféricos profissionais | Nordeste | Venda direta,0.0,0.01,OK
Ponte PV Fecha,9 | Periféricos profissionais | Nordeste | Parceiros,0.0,0.01,OK
Volume Independente,9 | Periféricos profissionais | Nordeste | Parceiros,0.0,0.01,OK
Preço Independente,9 | Periféricos profissionais | Nordeste | Parceiros,5.684341886080802e-14,0.01,OK
Ponte Receita2024 × Vendas,9 | Periféricos profissionais | Nordeste | Parceiros,0.0,0.01,OK
Ponte Receita2025 × Vendas,9 | Periféricos profissionais | Nordeste | Parceiros,0.0,0.01,OK
Ponte PV Fecha,10 | Estações de trabalho | Sudeste | Venda direta,5.820766091346741e-11,0.01,OK
Volume Independente,10 | Estações de trabalho | Sudeste | Venda direta,0.0,0.01,OK
Preço Independente,10 | Estações de trabalho | Sudeste | Venda direta,3.637978807091713e-12,0.01,OK
Ponte Receita2024 × Vendas,10 | Estações de trabalho | Sudeste | Venda direta,0.0,0.01,OK
Ponte Receita2025 × Vendas,10 | Estações de trabalho | Sudeste | Venda direta,0.0,0.01,OK
Ponte PV Fecha,10 | Estações de trabalho | Sudeste | Parceiros,0.0,0.01,OK
Volume Independente,10 | Estações de trabalho | Sudeste | Parceiros,0,0.01,OK
Preço Independente,10 | Estações de trabalho | Sudeste | Parceiros,0.0,0.01,OK
Ponte Receita2024 × Vendas,10 | Estações de trabalho | Sudeste | Parceiros,0,0.01,OK
Ponte Receita2025 × Vendas,10 | Estações de trabalho | Sudeste | Parceiros,0.0,0.01,OK
Ponte PV Fecha,10 | Estações de trabalho | Sul | Venda direta,2.9103830456733704e-11,0.01,OK
Volume Independente,10 | Estações de trabalho | Sul | Venda direta,0.0,0.01,OK
Preço Independente,10 | Estações de trabalho | Sul | Venda direta,0.0,0.01,OK
Ponte Receita2024 × Vendas,10 | Estações de trabalho | Sul | Venda direta,0.0,0.01,OK
Ponte Receita2025 × Vendas,10 | Estações de trabalho | Sul | Venda direta,0.0,0.01,OK
Ponte PV Fecha,10 | Estações de trabalho | Sul | Parceiros,0.0,0.01,OK
Volume Independente,10 | Estações de trabalho | Sul | Parceiros,0,0.01,OK
Preço Independente,10 | Estações de trabalho | Sul | Parceiros,0.0,0.01,OK
Ponte Receita2024 × Vendas,10 | Estações de trabalho | Sul | Parceiros,0,0.01,OK
Ponte Receita2025 × Vendas,10 | Estações de trabalho | Sul | Parceiros,0.0,0.01,OK
Ponte PV Fecha,10 | Estações de trabalho | Nordeste | Venda direta,2.9103830456733704e-11,0.01,OK
Volume Independente,10 | Estações de trabalho | Nordeste | Venda direta,0.0,0.01,OK
Preço Independente,10 | Estações de trabalho | Nordeste | Venda direta,0.0,0.01,OK
Ponte Receita2024 × Vendas,10 | Estações de trabalho | Nordeste | Venda direta,0.0,0.01,OK
Ponte Receita2025 × Vendas,10 | Estações de trabalho | Nordeste | Venda direta,0.0,0.01,OK
Ponte PV Fecha,10 | Estações de trabalho | Nordeste | Parceiros,7.275957614183426e-12,0.01,OK
Volume Independente,10 | Estações de trabalho | Nordeste | Parceiros,0,0.01,OK
Preço Independente,10 | Estações de trabalho | Nordeste | Parceiros,0.0,0.01,OK
Ponte Receita2024 × Vendas,10 | Estações de trabalho | Nordeste | Parceiros,0,0.01,OK
Ponte Receita2025 × Vendas,10 | Estações de trabalho | Nordeste | Parceiros,0.0,0.01,OK
Ponte PV Fecha,10 | Equipamentos de rede | Sudeste | Venda direta,0.0,0.01,OK
Volume Independente,10 | Equipamentos de rede | Sudeste | Venda direta,0.0,0.01,OK
Preço Independente,10 | Equipamentos de rede | Sudeste | Venda direta,0.0,0.01,OK
Ponte Receita2024 × Vendas,10 | Equipamentos de rede | Sudeste | Venda direta,0.0,0.01,OK
Ponte Receita2025 × Vendas,10 | Equipamentos de rede | Sudeste | Venda direta,0.0,0.01,OK
Ponte PV Fecha,10 | Equipamentos de rede | Sudeste | Parceiros,0.0,0.01,OK
Volume Independente,10 | Equipamentos de rede | Sudeste | Parceiros,0,0.01,OK
Preço Independente,10 | Equipamentos de rede | Sudeste | Parceiros,0.0,0.01,OK
Ponte Receita2024 × Vendas,10 | Equipamentos de rede | Sudeste | Parceiros,0,0.01,OK
Ponte Receita2025 × Vendas,10 | Equipamentos de rede | Sudeste | Parceiros,0.0,0.01,OK
Ponte PV Fecha,10 | Equipamentos de rede | Sul | Venda direta,0.0,0.01,OK
Volume Independente,10 | Equipamentos de rede | Sul | Venda direta,0.0,0.01,OK
Preço Independente,10 | Equipamentos de rede | Sul | Venda direta,4.547473508864641e-13,0.01,OK
Ponte Receita2024 × Vendas,10 | Equipamentos de rede | Sul | Venda direta,0.0,0.01,OK
Ponte Receita2025 × Vendas,10 | Equipamentos de rede | Sul | Venda direta,0.0,0.01,OK
Ponte PV Fecha,10 | Equipamentos de rede | Sul | Parceiros,7.275957614183426e-12,0.01,OK
Volume Independente,10 | Equipamentos de rede | Sul | Parceiros,0,0.01,OK
Preço Independente,10 | Equipamentos de rede | Sul | Parceiros,4.547473508864641e-13,0.01,OK
Ponte Receita2024 × Vendas,10 | Equipamentos de rede | Sul | Parceiros,0,0.01,OK
Ponte Receita2025 × Vendas,10 | Equipamentos de rede | Sul | Parceiros,0.0,0.01,OK
Ponte PV Fecha,10 | Equipamentos de rede | Nordeste | Venda direta,0.0,0.01,OK
Volume Independente,10 | Equipamentos de rede | Nordeste | Venda direta,0.0,0.01,OK
Preço Independente,10 | Equipamentos de rede | Nordeste | Venda direta,4.547473508864641e-13,0.01,OK
Ponte Receita2024 × Vendas,10 | Equipamentos de rede | Nordeste | Venda direta,0.0,0.01,OK
Ponte Receita2025 × Vendas,10 | Equipamentos de rede | Nordeste | Venda direta,0.0,0.01,OK
Ponte PV Fecha,10 | Equipamentos de rede | Nordeste | Parceiros,0.0,0.01,OK
Volume Independente,10 | Equipamentos de rede | Nordeste | Parceiros,0,0.01,OK
Preço Independente,10 | Equipamentos de rede | Nordeste | Parceiros,4.547473508864641e-13,0.01,OK
Ponte Receita2024 × Vendas,10 | Equipamentos de rede | Nordeste | Parceiros,0,0.01,OK
Ponte Receita2025 × Vendas,10 | Equipamentos de rede | Nordeste | Parceiros,0.0,0.01,OK
Ponte PV Fecha,10 | Periféricos profissionais | Sudeste | Venda direta,7.275957614183426e-12,0.01,OK
Volume Independente,10 | Periféricos profissionais | Sudeste | Venda direta,0.0,0.01,OK
Preço Independente,10 | Periféricos profissionais | Sudeste | Venda direta,4.547473508864641e-13,0.01,OK
Ponte Receita2024 × Vendas,10 | Periféricos profissionais | Sudeste | Venda direta,0.0,0.01,OK
Ponte Receita2025 × Vendas,10 | Periféricos profissionais | Sudeste | Venda direta,0.0,0.01,OK
Ponte PV Fecha,10 | Periféricos profissionais | Sudeste | Parceiros,0.0,0.01,OK
Volume Independente,10 | Periféricos profissionais | Sudeste | Parceiros,0.0,0.01,OK
Preço Independente,10 | Periféricos profissionais | Sudeste | Parceiros,2.2737367544323206e-13,0.01,OK
Ponte Receita2024 × Vendas,10 | Periféricos profissionais | Sudeste | Parceiros,0.0,0.01,OK
Ponte Receita2025 × Vendas,10 | Periféricos profissionais | Sudeste | Parceiros,0.0,0.01,OK
Ponte PV Fecha,10 | Periféricos profissionais | Sul | Venda direta,0.0,0.01,OK
Volume Independente,10 | Periféricos profissionais | Sul | Venda direta,0.0,0.01,OK
Preço Independente,10 | Periféricos profissionais | Sul | Venda direta,0.0,0.01,OK
Ponte Receita2024 × Vendas,10 | Periféricos profissionais | Sul | Venda direta,0.0,0.01,OK
Ponte Receita2025 × Vendas,10 | Periféricos profissionais | Sul | Venda direta,0.0,0.01,OK
Ponte PV Fecha,10 | Periféricos profissionais | Sul | Parceiros,0.0,0.01,OK
Volume Independente,10 | Periféricos profissionais | Sul | Parceiros,0.0,0.01,OK
Preço Independente,10 | Periféricos profissionais | Sul | Parceiros,5.684341886080802e-14,0.01,OK
Ponte Receita2024 × Vendas,10 | Periféricos profissionais | Sul | Parceiros,0.0,0.01,OK
Ponte Receita2025 × Vendas,10 | Periféricos profissionais | Sul | Parceiros,0.0,0.01,OK
Ponte PV Fecha,10 | Periféricos profissionais | Nordeste | Venda direta,1.8189894035458565e-12,0.01,OK
Volume Independente,10 | Periféricos profissionais | Nordeste | Venda direta,0.0,0.01,OK
Preço Independente,10 | Periféricos profissionais | Nordeste | Venda direta,0.0,0.01,OK
Ponte Receita2024 × Vendas,10 | Periféricos profissionais | Nordeste | Venda direta,0.0,0.01,OK
Ponte Receita2025 × Vendas,10 | Periféricos profissionais | Nordeste | Venda direta,0.0,0.01,OK
Ponte PV Fecha,10 | Periféricos profissionais | Nordeste | Parceiros,0.0,0.01,OK
Volume Independente,10 | Periféricos profissionais | Nordeste | Parceiros,0.0,0.01,OK
Preço Independente,10 | Periféricos profissionais | Nordeste | Parceiros,5.684341886080802e-14,0.01,OK
Ponte Receita2024 × Vendas,10 | Periféricos profissionais | Nordeste | Parceiros,0.0,0.01,OK
Ponte Receita2025 × Vendas,10 | Periféricos profissionais | Nordeste | Parceiros,0.0,0.01,OK
Ponte PV Fecha,11 | Estações de trabalho | Sudeste | Venda direta,5.820766091346741e-11,0.01,OK
Volume Independente,11 | Estações de trabalho | Sudeste | Venda direta,0.0,0.01,OK
Preço Independente,11 | Estações de trabalho | Sudeste | Venda direta,3.637978807091713e-12,0.01,OK
Ponte Receita2024 × Vendas,11 | Estações de trabalho | Sudeste | Venda direta,0,0.01,OK
Ponte Receita2025 × Vendas,11 | Estações de trabalho | Sudeste | Venda direta,0.0,0.01,OK
Ponte PV Fecha,11 | Estações de trabalho | Sudeste | Parceiros,2.9103830456733704e-11,0.01,OK
Volume Independente,11 | Estações de trabalho | Sudeste | Parceiros,0,0.01,OK
Preço Independente,11 | Estações de trabalho | Sudeste | Parceiros,0.0,0.01,OK
Ponte Receita2024 × Vendas,11 | Estações de trabalho | Sudeste | Parceiros,0,0.01,OK
Ponte Receita2025 × Vendas,11 | Estações de trabalho | Sudeste | Parceiros,0.0,0.01,OK
Ponte PV Fecha,11 | Estações de trabalho | Sul | Venda direta,2.9103830456733704e-11,0.01,OK
Volume Independente,11 | Estações de trabalho | Sul | Venda direta,3.637978807091713e-12,0.01,OK
Preço Independente,11 | Estações de trabalho | Sul | Venda direta,0.0,0.01,OK
Ponte Receita2024 × Vendas,11 | Estações de trabalho | Sul | Venda direta,0.0,0.01,OK
Ponte Receita2025 × Vendas,11 | Estações de trabalho | Sul | Venda direta,0.0,0.01,OK
Ponte PV Fecha,11 | Estações de trabalho | Sul | Parceiros,0.0,0.01,OK
Volume Independente,11 | Estações de trabalho | Sul | Parceiros,0,0.01,OK
Preço Independente,11 | Estações de trabalho | Sul | Parceiros,0.0,0.01,OK
Ponte Receita2024 × Vendas,11 | Estações de trabalho | Sul | Parceiros,0,0.01,OK
Ponte Receita2025 × Vendas,11 | Estações de trabalho | Sul | Parceiros,0.0,0.01,OK
Ponte PV Fecha,11 | Estações de trabalho | Nordeste | Venda direta,2.9103830456733704e-11,0.01,OK
Volume Independente,11 | Estações de trabalho | Nordeste | Venda direta,0.0,0.01,OK
Preço Independente,11 | Estações de trabalho | Nordeste | Venda direta,0.0,0.01,OK
Ponte Receita2024 × Vendas,11 | Estações de trabalho | Nordeste | Venda direta,0.0,0.01,OK
Ponte Receita2025 × Vendas,11 | Estações de trabalho | Nordeste | Venda direta,0.0,0.01,OK
Ponte PV Fecha,11 | Estações de trabalho | Nordeste | Parceiros,0.0,0.01,OK
Volume Independente,11 | Estações de trabalho | Nordeste | Parceiros,0,0.01,OK
Preço Independente,11 | Estações de trabalho | Nordeste | Parceiros,4.547473508864641e-13,0.01,OK
Ponte Receita2024 × Vendas,11 | Estações de trabalho | Nordeste | Parceiros,0,0.01,OK
Ponte Receita2025 × Vendas,11 | Estações de trabalho | Nordeste | Parceiros,0.0,0.01,OK
Ponte PV Fecha,11 | Equipamentos de rede | Sudeste | Venda direta,0.0,0.01,OK
Volume Independente,11 | Equipamentos de rede | Sudeste | Venda direta,0.0,0.01,OK
Preço Independente,11 | Equipamentos de rede | Sudeste | Venda direta,0.0,0.01,OK
Ponte Receita2024 × Vendas,11 | Equipamentos de rede | Sudeste | Venda direta,0.0,0.01,OK
Ponte Receita2025 × Vendas,11 | Equipamentos de rede | Sudeste | Venda direta,0.0,0.01,OK
Ponte PV Fecha,11 | Equipamentos de rede | Sudeste | Parceiros,0.0,0.01,OK
Volume Independente,11 | Equipamentos de rede | Sudeste | Parceiros,0,0.01,OK
Preço Independente,11 | Equipamentos de rede | Sudeste | Parceiros,4.547473508864641e-13,0.01,OK
Ponte Receita2024 × Vendas,11 | Equipamentos de rede | Sudeste | Parceiros,0,0.01,OK
Ponte Receita2025 × Vendas,11 | Equipamentos de rede | Sudeste | Parceiros,0.0,0.01,OK
Ponte PV Fecha,11 | Equipamentos de rede | Sul | Venda direta,1.4551915228366852e-11,0.01,OK
Volume Independente,11 | Equipamentos de rede | Sul | Venda direta,0.0,0.01,OK
Preço Independente,11 | Equipamentos de rede | Sul | Venda direta,4.547473508864641e-13,0.01,OK
Ponte Receita2024 × Vendas,11 | Equipamentos de rede | Sul | Venda direta,0.0,0.01,OK
Ponte Receita2025 × Vendas,11 | Equipamentos de rede | Sul | Venda direta,0.0,0.01,OK
Ponte PV Fecha,11 | Equipamentos de rede | Sul | Parceiros,0.0,0.01,OK
Volume Independente,11 | Equipamentos de rede | Sul | Parceiros,0,0.01,OK
Preço Independente,11 | Equipamentos de rede | Sul | Parceiros,2.2737367544323206e-13,0.01,OK
Ponte Receita2024 × Vendas,11 | Equipamentos de rede | Sul | Parceiros,0,0.01,OK
Ponte Receita2025 × Vendas,11 | Equipamentos de rede | Sul | Parceiros,0.0,0.01,OK
Ponte PV Fecha,11 | Equipamentos de rede | Nordeste | Venda direta,7.275957614183426e-12,0.01,OK
Volume Independente,11 | Equipamentos de rede | Nordeste | Venda direta,0.0,0.01,OK
Preço Independente,11 | Equipamentos de rede | Nordeste | Venda direta,0.0,0.01,OK
Ponte Receita2024 × Vendas,11 | Equipamentos de rede | Nordeste | Venda direta,0,0.01,OK
Ponte Receita2025 × Vendas,11 | Equipamentos de rede | Nordeste | Venda direta,0.0,0.01,OK
Ponte PV Fecha,11 | Equipamentos de rede | Nordeste | Parceiros,0.0,0.01,OK
Volume Independente,11 | Equipamentos de rede | Nordeste | Parceiros,0,0.01,OK
Preço Independente,11 | Equipamentos de rede | Nordeste | Parceiros,4.547473508864641e-13,0.01,OK
Ponte Receita2024 × Vendas,11 | Equipamentos de rede | Nordeste | Parceiros,0,0.01,OK
Ponte Receita2025 × Vendas,11 | Equipamentos de rede | Nordeste | Parceiros,0.0,0.01,OK
Ponte PV Fecha,11 | Periféricos profissionais | Sudeste | Venda direta,0.0,0.01,OK
Volume Independente,11 | Periféricos profissionais | Sudeste | Venda direta,0.0,0.01,OK
Preço Independente,11 | Periféricos profissionais | Sudeste | Venda direta,0.0,0.01,OK
Ponte Receita2024 × Vendas,11 | Periféricos profissionais | Sudeste | Venda direta,0.0,0.01,OK
Ponte Receita2025 × Vendas,11 | Periféricos profissionais | Sudeste | Venda direta,0.0,0.01,OK
Ponte PV Fecha,11 | Periféricos profissionais | Sudeste | Parceiros,0.0,0.01,OK
Volume Independente,11 | Periféricos profissionais | Sudeste | Parceiros,2.2737367544323206e-13,0.01,OK
Preço Independente,11 | Periféricos profissionais | Sudeste | Parceiros,2.2737367544323206e-13,0.01,OK
Ponte Receita2024 × Vendas,11 | Periféricos profissionais | Sudeste | Parceiros,0,0.01,OK
Ponte Receita2025 × Vendas,11 | Periféricos profissionais | Sudeste | Parceiros,0.0,0.01,OK
Ponte PV Fecha,11 | Periféricos profissionais | Sul | Venda direta,0.0,0.01,OK
Volume Independente,11 | Periféricos profissionais | Sul | Venda direta,0.0,0.01,OK
Preço Independente,11 | Periféricos profissionais | Sul | Venda direta,2.2737367544323206e-13,0.01,OK
Ponte Receita2024 × Vendas,11 | Periféricos profissionais | Sul | Venda direta,0.0,0.01,OK
Ponte Receita2025 × Vendas,11 | Periféricos profissionais | Sul | Venda direta,0.0,0.01,OK
Ponte PV Fecha,11 | Periféricos profissionais | Sul | Parceiros,1.8189894035458565e-12,0.01,OK
Volume Independente,11 | Periféricos profissionais | Sul | Parceiros,0.0,0.01,OK
Preço Independente,11 | Periféricos profissionais | Sul | Parceiros,0.0,0.01,OK
Ponte Receita2024 × Vendas,11 | Periféricos profissionais | Sul | Parceiros,0.0,0.01,OK
Ponte Receita2025 × Vendas,11 | Periféricos profissionais | Sul | Parceiros,0.0,0.01,OK
Ponte PV Fecha,11 | Periféricos profissionais | Nordeste | Venda direta,0.0,0.01,OK
Volume Independente,11 | Periféricos profissionais | Nordeste | Venda direta,0.0,0.01,OK
Preço Independente,11 | Periféricos profissionais | Nordeste | Venda direta,0.0,0.01,OK
Ponte Receita2024 × Vendas,11 | Periféricos profissionais | Nordeste | Venda direta,0.0,0.01,OK
Ponte Receita2025 × Vendas,11 | Periféricos profissionais | Nordeste | Venda direta,0.0,0.01,OK
Ponte PV Fecha,11 | Periféricos profissionais | Nordeste | Parceiros,0.0,0.01,OK
Volume Independente,11 | Periféricos profissionais | Nordeste | Parceiros,2.2737367544323206e-13,0.01,OK
Preço Independente,11 | Periféricos profissionais | Nordeste | Parceiros,5.684341886080802e-14,0.01,OK
Ponte Receita2024 × Vendas,11 | Periféricos profissionais | Nordeste | Parceiros,0,0.01,OK
Ponte Receita2025 × Vendas,11 | Periféricos profissionais | Nordeste | Parceiros,0.0,0.01,OK
Ponte PV Fecha,12 | Estações de trabalho | Sudeste | Venda direta,5.820766091346741e-11,0.01,OK
Volume Independente,12 | Estações de trabalho | Sudeste | Venda direta,0.0,0.01,OK
Preço Independente,12 | Estações de trabalho | Sudeste | Venda direta,3.637978807091713e-12,0.01,OK
Ponte Receita2024 × Vendas,12 | Estações de trabalho | Sudeste | Venda direta,0.0,0.01,OK
Ponte Receita2025 × Vendas,12 | Estações de trabalho | Sudeste | Venda direta,0.0,0.01,OK
Ponte PV Fecha,12 | Estações de trabalho | Sudeste | Parceiros,2.9103830456733704e-11,0.01,OK
Volume Independente,12 | Estações de trabalho | Sudeste | Parceiros,0,0.01,OK
Preço Independente,12 | Estações de trabalho | Sudeste | Parceiros,0.0,0.01,OK
Ponte Receita2024 × Vendas,12 | Estações de trabalho | Sudeste | Parceiros,0,0.01,OK
Ponte Receita2025 × Vendas,12 | Estações de trabalho | Sudeste | Parceiros,0.0,0.01,OK
Ponte PV Fecha,12 | Estações de trabalho | Sul | Venda direta,5.820766091346741e-11,0.01,OK
Volume Independente,12 | Estações de trabalho | Sul | Venda direta,3.637978807091713e-12,0.01,OK
Preço Independente,12 | Estações de trabalho | Sul | Venda direta,0.0,0.01,OK
Ponte Receita2024 × Vendas,12 | Estações de trabalho | Sul | Venda direta,0.0,0.01,OK
Ponte Receita2025 × Vendas,12 | Estações de trabalho | Sul | Venda direta,0.0,0.01,OK
Ponte PV Fecha,12 | Estações de trabalho | Sul | Parceiros,1.4551915228366852e-11,0.01,OK
Volume Independente,12 | Estações de trabalho | Sul | Parceiros,0,0.01,OK
Preço Independente,12 | Estações de trabalho | Sul | Parceiros,4.547473508864641e-13,0.01,OK
Ponte Receita2024 × Vendas,12 | Estações de trabalho | Sul | Parceiros,0,0.01,OK
Ponte Receita2025 × Vendas,12 | Estações de trabalho | Sul | Parceiros,0.0,0.01,OK
Ponte PV Fecha,12 | Estações de trabalho | Nordeste | Venda direta,0.0,0.01,OK
Volume Independente,12 | Estações de trabalho | Nordeste | Venda direta,1.8189894035458565e-12,0.01,OK
Preço Independente,12 | Estações de trabalho | Nordeste | Venda direta,0.0,0.01,OK
Ponte Receita2024 × Vendas,12 | Estações de trabalho | Nordeste | Venda direta,0.0,0.01,OK
Ponte Receita2025 × Vendas,12 | Estações de trabalho | Nordeste | Venda direta,0.0,0.01,OK
Ponte PV Fecha,12 | Estações de trabalho | Nordeste | Parceiros,7.275957614183426e-12,0.01,OK
Volume Independente,12 | Estações de trabalho | Nordeste | Parceiros,0,0.01,OK
Preço Independente,12 | Estações de trabalho | Nordeste | Parceiros,0.0,0.01,OK
Ponte Receita2024 × Vendas,12 | Estações de trabalho | Nordeste | Parceiros,0,0.01,OK
Ponte Receita2025 × Vendas,12 | Estações de trabalho | Nordeste | Parceiros,0.0,0.01,OK
Ponte PV Fecha,12 | Equipamentos de rede | Sudeste | Venda direta,0.0,0.01,OK
Volume Independente,12 | Equipamentos de rede | Sudeste | Venda direta,0.0,0.01,OK
Preço Independente,12 | Equipamentos de rede | Sudeste | Venda direta,0.0,0.01,OK
Ponte Receita2024 × Vendas,12 | Equipamentos de rede | Sudeste | Venda direta,0.0,0.01,OK
Ponte Receita2025 × Vendas,12 | Equipamentos de rede | Sudeste | Venda direta,0,0.01,OK
Ponte PV Fecha,12 | Equipamentos de rede | Sudeste | Parceiros,0.0,0.01,OK
Volume Independente,12 | Equipamentos de rede | Sudeste | Parceiros,0,0.01,OK
Preço Independente,12 | Equipamentos de rede | Sudeste | Parceiros,4.547473508864641e-13,0.01,OK
Ponte Receita2024 × Vendas,12 | Equipamentos de rede | Sudeste | Parceiros,0,0.01,OK
Ponte Receita2025 × Vendas,12 | Equipamentos de rede | Sudeste | Parceiros,0.0,0.01,OK
Ponte PV Fecha,12 | Equipamentos de rede | Sul | Venda direta,1.4551915228366852e-11,0.01,OK
Volume Independente,12 | Equipamentos de rede | Sul | Venda direta,1.8189894035458565e-12,0.01,OK
Preço Independente,12 | Equipamentos de rede | Sul | Venda direta,0.0,0.01,OK
Ponte Receita2024 × Vendas,12 | Equipamentos de rede | Sul | Venda direta,0.0,0.01,OK
Ponte Receita2025 × Vendas,12 | Equipamentos de rede | Sul | Venda direta,0.0,0.01,OK
Ponte PV Fecha,12 | Equipamentos de rede | Sul | Parceiros,0.0,0.01,OK
Volume Independente,12 | Equipamentos de rede | Sul | Parceiros,0,0.01,OK
Preço Independente,12 | Equipamentos de rede | Sul | Parceiros,4.547473508864641e-13,0.01,OK
Ponte Receita2024 × Vendas,12 | Equipamentos de rede | Sul | Parceiros,0,0.01,OK
Ponte Receita2025 × Vendas,12 | Equipamentos de rede | Sul | Parceiros,0.0,0.01,OK
Ponte PV Fecha,12 | Equipamentos de rede | Nordeste | Venda direta,0.0,0.01,OK
Volume Independente,12 | Equipamentos de rede | Nordeste | Venda direta,0.0,0.01,OK
Preço Independente,12 | Equipamentos de rede | Nordeste | Venda direta,4.547473508864641e-13,0.01,OK
Ponte Receita2024 × Vendas,12 | Equipamentos de rede | Nordeste | Venda direta,0,0.01,OK
Ponte Receita2025 × Vendas,12 | Equipamentos de rede | Nordeste | Venda direta,0.0,0.01,OK
Ponte PV Fecha,12 | Equipamentos de rede | Nordeste | Parceiros,0.0,0.01,OK
Volume Independente,12 | Equipamentos de rede | Nordeste | Parceiros,0,0.01,OK
Preço Independente,12 | Equipamentos de rede | Nordeste | Parceiros,4.547473508864641e-13,0.01,OK
Ponte Receita2024 × Vendas,12 | Equipamentos de rede | Nordeste | Parceiros,0,0.01,OK
Ponte Receita2025 × Vendas,12 | Equipamentos de rede | Nordeste | Parceiros,0.0,0.01,OK
Ponte PV Fecha,12 | Periféricos profissionais | Sudeste | Venda direta,0.0,0.01,OK
Volume Independente,12 | Periféricos profissionais | Sudeste | Venda direta,0.0,0.01,OK
Preço Independente,12 | Periféricos profissionais | Sudeste | Venda direta,4.547473508864641e-13,0.01,OK
Ponte Receita2024 × Vendas,12 | Periféricos profissionais | Sudeste | Venda direta,0.0,0.01,OK
Ponte Receita2025 × Vendas,12 | Periféricos profissionais | Sudeste | Venda direta,0.0,0.01,OK
Ponte PV Fecha,12 | Periféricos profissionais | Sudeste | Parceiros,0.0,0.01,OK
Volume Independente,12 | Periféricos profissionais | Sudeste | Parceiros,0.0,0.01,OK
Preço Independente,12 | Periféricos profissionais | Sudeste | Parceiros,2.2737367544323206e-13,0.01,OK
Ponte Receita2024 × Vendas,12 | Periféricos profissionais | Sudeste | Parceiros,0,0.01,OK
Ponte Receita2025 × Vendas,12 | Periféricos profissionais | Sudeste | Parceiros,0.0,0.01,OK
Ponte PV Fecha,12 | Periféricos profissionais | Sul | Venda direta,3.637978807091713e-12,0.01,OK
Volume Independente,12 | Periféricos profissionais | Sul | Venda direta,0.0,0.01,OK
Preço Independente,12 | Periféricos profissionais | Sul | Venda direta,0.0,0.01,OK
Ponte Receita2024 × Vendas,12 | Periféricos profissionais | Sul | Venda direta,0.0,0.01,OK
Ponte Receita2025 × Vendas,12 | Periféricos profissionais | Sul | Venda direta,0.0,0.01,OK
Ponte PV Fecha,12 | Periféricos profissionais | Sul | Parceiros,0.0,0.01,OK
Volume Independente,12 | Periféricos profissionais | Sul | Parceiros,0.0,0.01,OK
Preço Independente,12 | Periféricos profissionais | Sul | Parceiros,0.0,0.01,OK
Ponte Receita2024 × Vendas,12 | Periféricos profissionais | Sul | Parceiros,0,0.01,OK
Ponte Receita2025 × Vendas,12 | Periféricos profissionais | Sul | Parceiros,0.0,0.01,OK
Ponte PV Fecha,12 | Periféricos profissionais | Nordeste | Venda direta,0.0,0.01,OK
Volume Independente,12 | Periféricos profissionais | Nordeste | Venda direta,0.0,0.01,OK
Preço Independente,12 | Periféricos profissionais | Nordeste | Venda direta,0.0,0.01,OK
Ponte Receita2024 × Vendas,12 | Periféricos profissionais | Nordeste | Venda direta,0.0,0.01,OK
Ponte Receita2025 × Vendas,12 | Periféricos profissionais | Nordeste | Venda direta,0.0,0.01,OK
Ponte PV Fecha,12 | Periféricos profissionais | Nordeste | Parceiros,9.094947017729282e-13,0.01,OK
Volume Independente,12 | Periféricos profissionais | Nordeste | Parceiros,0.0,0.01,OK
Preço Independente,12 | Periféricos profissionais | Nordeste | Parceiros,5.684341886080802e-14,0.01,OK
Ponte Receita2024 × Vendas,12 | Periféricos profissionais | Nordeste | Parceiros,0.0,0.01,OK
Ponte Receita2025 × Vendas,12 | Periféricos profissionais | Nordeste | Parceiros,0.0,0.01,OK
Output 02_DRE,ReceitaBruta | 1,0.0,0.01,OK
Output 02_DRE,ReceitaBruta | 2,0.0,0.01,OK
Output 02_DRE,ReceitaBruta | 3,0.0,0.01,OK
Output 02_DRE,ReceitaBruta | 4,0.0,0.01,OK
Output 02_DRE,ReceitaBruta | 5,0.0,0.01,OK
Output 02_DRE,ReceitaBruta | 6,0.0,0.01,OK
Output 02_DRE,ReceitaBruta | 7,0.0,0.01,OK
Output 02_DRE,ReceitaBruta | 8,0.0,0.01,OK
Output 02_DRE,ReceitaBruta | 9,0.0,0.01,OK
Output 02_DRE,ReceitaBruta | 10,0.0,0.01,OK
Output 02_DRE,ReceitaBruta | 11,0.0,0.01,OK
Output 02_DRE,ReceitaBruta | 12,0.0,0.01,OK
Output 02_DRE,ReceitaBruta | anual,0.0,0.01,OK
Output 02_DRE,Deducoes | 1,0.0,0.01,OK
Output 02_DRE,Deducoes | 2,0.0,0.01,OK
Output 02_DRE,Deducoes | 3,0.0,0.01,OK
Output 02_DRE,Deducoes | 4,0.0,0.01,OK
Output 02_DRE,Deducoes | 5,0.0,0.01,OK
Output 02_DRE,Deducoes | 6,0.0,0.01,OK
Output 02_DRE,Deducoes | 7,0.0,0.01,OK
Output 02_DRE,Deducoes | 8,0.0,0.01,OK
Output 02_DRE,Deducoes | 9,0.0,0.01,OK
Output 02_DRE,Deducoes | 10,0.0,0.01,OK
Output 02_DRE,Deducoes | 11,0.0,0.01,OK
Output 02_DRE,Deducoes | 12,0.0,0.01,OK
Output 02_DRE,Deducoes | anual,0.0,0.01,OK
Output 02_DRE,ReceitaLiquida | 1,0.0,0.01,OK
Output 02_DRE,ReceitaLiquida | 2,0.0,0.01,OK
Output 02_DRE,ReceitaLiquida | 3,0.0,0.01,OK
Output 02_DRE,ReceitaLiquida | 4,0.0,0.01,OK
Output 02_DRE,ReceitaLiquida | 5,0.0,0.01,OK
Output 02_DRE,ReceitaLiquida | 6,0.0,0.01,OK
Output 02_DRE,ReceitaLiquida | 7,0.0,0.01,OK
Output 02_DRE,ReceitaLiquida | 8,0.0,0.01,OK
Output 02_DRE,ReceitaLiquida | 9,0.0,0.01,OK
Output 02_DRE,ReceitaLiquida | 10,0.0,0.01,OK
Output 02_DRE,ReceitaLiquida | 11,0.0,0.01,OK
Output 02_DRE,ReceitaLiquida | 12,0.0,0.01,OK
Output 02_DRE,ReceitaLiquida | anual,0.0,0.01,OK
Output 02_DRE,CMV | 1,0.0,0.01,OK
Output 02_DRE,CMV | 2,0.0,0.01,OK
Output 02_DRE,CMV | 3,0.0,0.01,OK
Output 02_DRE,CMV | 4,0.0,0.01,OK
Output 02_DRE,CMV | 5,0.0,0.01,OK
Output 02_DRE,CMV | 6,0.0,0.01,OK
Output 02_DRE,CMV | 7,0.0,0.01,OK
Output 02_DRE,CMV | 8,0.0,0.01,OK
Output 02_DRE,CMV | 9,0.0,0.01,OK
Output 02_DRE,CMV | 10,0.0,0.01,OK
Output 02_DRE,CMV | 11,0.0,0.01,OK
Output 02_DRE,CMV | 12,0.0,0.01,OK
Output 02_DRE,CMV | anual,0.0,0.01,OK
Output 02_DRE,LucroBruto | 1,0.0,0.01,OK
Output 02_DRE,LucroBruto | 2,0.0,0.01,OK
Output 02_DRE,LucroBruto | 3,0.0,0.01,OK
Output 02_DRE,LucroBruto | 4,0.0,0.01,OK
Output 02_DRE,LucroBruto | 5,0.0,0.01,OK
Output 02_DRE,LucroBruto | 6,0.0,0.01,OK
Output 02_DRE,LucroBruto | 7,0.0,0.01,OK
Output 02_DRE,LucroBruto | 8,0.0,0.01,OK
Output 02_DRE,LucroBruto | 9,0.0,0.01,OK
Output 02_DRE,LucroBruto | 10,0.0,0.01,OK
Output 02_DRE,LucroBruto | 11,0.0,0.01,OK
Output 02_DRE,LucroBruto | 12,0.0,0.01,OK
Output 02_DRE,LucroBruto | anual,0.0,0.01,OK
Output 02_DRE,Pessoal | 1,0.0,0.01,OK
Output 02_DRE,Pessoal | 2,0.0,0.01,OK
Output 02_DRE,Pessoal | 3,0.0,0.01,OK
Output 02_DRE,Pessoal | 4,0.0,0.01,OK
Output 02_DRE,Pessoal | 5,0.0,0.01,OK
Output 02_DRE,Pessoal | 6,0.0,0.01,OK
Output 02_DRE,Pessoal | 7,0.0,0.01,OK
Output 02_DRE,Pessoal | 8,0.0,0.01,OK
Output 02_DRE,Pessoal | 9,0.0,0.01,OK
Output 02_DRE,Pessoal | 10,0.0,0.01,OK
Output 02_DRE,Pessoal | 11,0.0,0.01,OK
Output 02_DRE,Pessoal | 12,0.0,0.01,OK
Output 02_DRE,Pessoal | anual,0.0,0.01,OK
Output 02_DRE,Comercial | 1,0.0,0.01,OK
Output 02_DRE,Comercial | 2,0.0,0.01,OK
Output 02_DRE,Comercial | 3,0.0,0.01,OK
Output 02_DRE,Comercial | 4,0.0,0.01,OK
Output 02_DRE,Comercial | 5,0.0,0.01,OK
Output 02_DRE,Comercial | 6,0.0,0.01,OK
Output 02_DRE,Comercial | 7,0.0,0.01,OK
Output 02_DRE,Comercial | 8,0.0,0.01,OK
Output 02_DRE,Comercial | 9,0.0,0.01,OK
Output 02_DRE,Comercial | 10,0.0,0.01,OK
Output 02_DRE,Comercial | 11,0.0,0.01,OK
Output 02_DRE,Comercial | 12,0.0,0.01,OK
Output 02_DRE,Comercial | anual,0.0,0.01,OK
Output 02_DRE,Administrativo | 1,0.0,0.01,OK
Output 02_DRE,Administrativo | 2,0.0,0.01,OK
Output 02_DRE,Administrativo | 3,0.0,0.01,OK
Output 02_DRE,Administrativo | 4,0.0,0.01,OK
Output 02_DRE,Administrativo | 5,0.0,0.01,OK
Output 02_DRE,Administrativo | 6,0.0,0.01,OK
Output 02_DRE,Administrativo | 7,0.0,0.01,OK
Output 02_DRE,Administrativo | 8,0.0,0.01,OK
Output 02_DRE,Administrativo | 9,0.0,0.01,OK
Output 02_DRE,Administrativo | 10,0.0,0.01,OK
Output 02_DRE,Administrativo | 11,0.0,0.01,OK
Output 02_DRE,Administrativo | 12,0.0,0.01,OK
Output 02_DRE,Administrativo | anual,0.0,0.01,OK
Output 02_DRE,Tecnologia | 1,0.0,0.01,OK
Output 02_DRE,Tecnologia | 2,0.0,0.01,OK
Output 02_DRE,Tecnologia | 3,0.0,0.01,OK
Output 02_DRE,Tecnologia | 4,0.0,0.01,OK
Output 02_DRE,Tecnologia | 5,0.0,0.01,OK
Output 02_DRE,Tecnologia | 6,0.0,0.01,OK
Output 02_DRE,Tecnologia | 7,0.0,0.01,OK
Output 02_DRE,Tecnologia | 8,0.0,0.01,OK
Output 02_DRE,Tecnologia | 9,0.0,0.01,OK
Output 02_DRE,Tecnologia | 10,0.0,0.01,OK
Output 02_DRE,Tecnologia | 11,0.0,0.01,OK
Output 02_DRE,Tecnologia | 12,0.0,0.01,OK
Output 02_DRE,Tecnologia | anual,0.0,0.01,OK
Output 02_DRE,Logistica | 1,0.0,0.01,OK
Output 02_DRE,Logistica | 2,0.0,0.01,OK
Output 02_DRE,Logistica | 3,0.0,0.01,OK
Output 02_DRE,Logistica | 4,0.0,0.01,OK
Output 02_DRE,Logistica | 5,0.0,0.01,OK
Output 02_DRE,Logistica | 6,0.0,0.01,OK
Output 02_DRE,Logistica | 7,0.0,0.01,OK
Output 02_DRE,Logistica | 8,0.0,0.01,OK
Output 02_DRE,Logistica | 9,0.0,0.01,OK
Output 02_DRE,Logistica | 10,0.0,0.01,OK
Output 02_DRE,Logistica | 11,0.0,0.01,OK
Output 02_DRE,Logistica | 12,0.0,0.01,OK
Output 02_DRE,Logistica | anual,0.0,0.01,OK
Output 02_DRE,Opex | 1,0.0,0.01,OK
Output 02_DRE,Opex | 2,0.0,0.01,OK
Output 02_DRE,Opex | 3,0.0,0.01,OK
Output 02_DRE,Opex | 4,0.0,0.01,OK
Output 02_DRE,Opex | 5,0.0,0.01,OK
Output 02_DRE,Opex | 6,0.0,0.01,OK
Output 02_DRE,Opex | 7,0.0,0.01,OK
Output 02_DRE,Opex | 8,0.0,0.01,OK
Output 02_DRE,Opex | 9,0.0,0.01,OK
Output 02_DRE,Opex | 10,0.0,0.01,OK
Output 02_DRE,Opex | 11,0.0,0.01,OK
Output 02_DRE,Opex | 12,0.0,0.01,OK
Output 02_DRE,Opex | anual,0.0,0.01,OK
Output 02_DRE,EBITDA | 1,0.0,0.01,OK
Output 02_DRE,EBITDA | 2,0.0,0.01,OK
Output 02_DRE,EBITDA | 3,0.0,0.01,OK
Output 02_DRE,EBITDA | 4,0.0,0.01,OK
Output 02_DRE,EBITDA | 5,0.0,0.01,OK
Output 02_DRE,EBITDA | 6,0.0,0.01,OK
Output 02_DRE,EBITDA | 7,0.0,0.01,OK
Output 02_DRE,EBITDA | 8,0.0,0.01,OK
Output 02_DRE,EBITDA | 9,0.0,0.01,OK
Output 02_DRE,EBITDA | 10,0.0,0.01,OK
Output 02_DRE,EBITDA | 11,0.0,0.01,OK
Output 02_DRE,EBITDA | 12,0.0,0.01,OK
Output 02_DRE,EBITDA | anual,0.0,0.01,OK
Output 02_DRE,Depreciacao | 1,0.0,0.01,OK
Output 02_DRE,Depreciacao | 2,0.0,0.01,OK
Output 02_DRE,Depreciacao | 3,0.0,0.01,OK
Output 02_DRE,Depreciacao | 4,0.0,0.01,OK
Output 02_DRE,Depreciacao | 5,0.0,0.01,OK
Output 02_DRE,Depreciacao | 6,0.0,0.01,OK
Output 02_DRE,Depreciacao | 7,0.0,0.01,OK
Output 02_DRE,Depreciacao | 8,0.0,0.01,OK
Output 02_DRE,Depreciacao | 9,0.0,0.01,OK
Output 02_DRE,Depreciacao | 10,0.0,0.01,OK
Output 02_DRE,Depreciacao | 11,0.0,0.01,OK
Output 02_DRE,Depreciacao | 12,0.0,0.01,OK
Output 02_DRE,Depreciacao | anual,0.0,0.01,OK
Output 02_DRE,EBIT | 1,0.0,0.01,OK
Output 02_DRE,EBIT | 2,0.0,0.01,OK
Output 02_DRE,EBIT | 3,0.0,0.01,OK
Output 02_DRE,EBIT | 4,0.0,0.01,OK
Output 02_DRE,EBIT | 5,0.0,0.01,OK
Output 02_DRE,EBIT | 6,0.0,0.01,OK
Output 02_DRE,EBIT | 7,0.0,0.01,OK
Output 02_DRE,EBIT | 8,0.0,0.01,OK
Output 02_DRE,EBIT | 9,0.0,0.01,OK
Output 02_DRE,EBIT | 10,0.0,0.01,OK
Output 02_DRE,EBIT | 11,0.0,0.01,OK
Output 02_DRE,EBIT | 12,0.0,0.01,OK
Output 02_DRE,EBIT | anual,0.0,0.01,OK
Output 02_DRE,Juros | 1,0.0,0.01,OK
Output 02_DRE,Juros | 2,0.0,0.01,OK
Output 02_DRE,Juros | 3,0.0,0.01,OK
Output 02_DRE,Juros | 4,0.0,0.01,OK
Output 02_DRE,Juros | 5,0.0,0.01,OK
Output 02_DRE,Juros | 6,0.0,0.01,OK
Output 02_DRE,Juros | 7,0.0,0.01,OK
Output 02_DRE,Juros | 8,0.0,0.01,OK
Output 02_DRE,Juros | 9,0.0,0.01,OK
Output 02_DRE,Juros | 10,0.0,0.01,OK
Output 02_DRE,Juros | 11,0.0,0.01,OK
Output 02_DRE,Juros | 12,0.0,0.01,OK
Output 02_DRE,Juros | anual,0.0,0.01,OK
Output 02_DRE,LAIR | 1,0.0,0.01,OK
Output 02_DRE,LAIR | 2,0.0,0.01,OK
Output 02_DRE,LAIR | 3,0.0,0.01,OK
Output 02_DRE,LAIR | 4,0.0,0.01,OK
Output 02_DRE,LAIR | 5,0.0,0.01,OK
Output 02_DRE,LAIR | 6,0.0,0.01,OK
Output 02_DRE,LAIR | 7,0.0,0.01,OK
Output 02_DRE,LAIR | 8,0.0,0.01,OK
Output 02_DRE,LAIR | 9,0.0,0.01,OK
Output 02_DRE,LAIR | 10,0.0,0.01,OK
Output 02_DRE,LAIR | 11,0.0,0.01,OK
Output 02_DRE,LAIR | 12,0.0,0.01,OK
Output 02_DRE,LAIR | anual,0.0,0.01,OK
Output 02_DRE,IRSimulado | 1,0.0,0.01,OK
Output 02_DRE,IRSimulado | 2,0.0,0.01,OK
Output 02_DRE,IRSimulado | 3,0.0,0.01,OK
Output 02_DRE,IRSimulado | 4,0.0,0.01,OK
Output 02_DRE,IRSimulado | 5,0.0,0.01,OK
Output 02_DRE,IRSimulado | 6,0.0,0.01,OK
Output 02_DRE,IRSimulado | 7,0.0,0.01,OK
Output 02_DRE,IRSimulado | 8,0.0,0.01,OK
Output 02_DRE,IRSimulado | 9,0.0,0.01,OK
Output 02_DRE,IRSimulado | 10,0.0,0.01,OK
Output 02_DRE,IRSimulado | 11,0.0,0.01,OK
Output 02_DRE,IRSimulado | 12,0.0,0.01,OK
Output 02_DRE,IRSimulado | anual,0.0,0.01,OK
Output 02_DRE,LucroLiquido | 1,0.0,0.01,OK
Output 02_DRE,LucroLiquido | 2,0.0,0.01,OK
Output 02_DRE,LucroLiquido | 3,0.0,0.01,OK
Output 02_DRE,LucroLiquido | 4,0.0,0.01,OK
Output 02_DRE,LucroLiquido | 5,0.0,0.01,OK
Output 02_DRE,LucroLiquido | 6,0.0,0.01,OK
Output 02_DRE,LucroLiquido | 7,0.0,0.01,OK
Output 02_DRE,LucroLiquido | 8,0.0,0.01,OK
Output 02_DRE,LucroLiquido | 9,0.0,0.01,OK
Output 02_DRE,LucroLiquido | 10,0.0,0.01,OK
Output 02_DRE,LucroLiquido | 11,0.0,0.01,OK
Output 02_DRE,LucroLiquido | 12,0.0,0.01,OK
Output 02_DRE,LucroLiquido | anual,0.0,0.01,OK
Output 02_DRE,MargemEBITDA | 1,0.0,0.01,OK
Output 02_DRE,MargemEBITDA | 2,0.0,0.01,OK
Output 02_DRE,MargemEBITDA | 3,0.0,0.01,OK
Output 02_DRE,MargemEBITDA | 4,0.0,0.01,OK
Output 02_DRE,MargemEBITDA | 5,0.0,0.01,OK
Output 02_DRE,MargemEBITDA | 6,0.0,0.01,OK
Output 02_DRE,MargemEBITDA | 7,0.0,0.01,OK
Output 02_DRE,MargemEBITDA | 8,0.0,0.01,OK
Output 02_DRE,MargemEBITDA | 9,0.0,0.01,OK
Output 02_DRE,MargemEBITDA | 10,0.0,0.01,OK
Output 02_DRE,MargemEBITDA | 11,0.0,0.01,OK
Output 02_DRE,MargemEBITDA | 12,0.0,0.01,OK
Output 02_DRE,MargemEBITDA | anual,0.0,0.01,OK
Output 02_DRE,MargemLiquida | 1,0.0,0.01,OK
Output 02_DRE,MargemLiquida | 2,0.0,0.01,OK
Output 02_DRE,MargemLiquida | 3,0.0,0.01,OK
Output 02_DRE,MargemLiquida | 4,0.0,0.01,OK
Output 02_DRE,MargemLiquida | 5,0.0,0.01,OK
Output 02_DRE,MargemLiquida | 6,0.0,0.01,OK
Output 02_DRE,MargemLiquida | 7,0.0,0.01,OK
Output 02_DRE,MargemLiquida | 8,0.0,0.01,OK
Output 02_DRE,MargemLiquida | 9,0.0,0.01,OK
Output 02_DRE,MargemLiquida | 10,0.0,0.01,OK
Output 02_DRE,MargemLiquida | 11,0.0,0.01,OK
Output 02_DRE,MargemLiquida | 12,0.0,0.01,OK
Output 02_DRE,MargemLiquida | anual,0.0,0.01,OK
Output 03_BALANCO,CaixaFinal | 1,0.0,0.01,OK
Output 03_BALANCO,CaixaFinal | 2,0.0,0.01,OK
Output 03_BALANCO,CaixaFinal | 3,0.0,0.01,OK
Output 03_BALANCO,CaixaFinal | 4,0.0,0.01,OK
Output 03_BALANCO,CaixaFinal | 5,0.0,0.01,OK
Output 03_BALANCO,CaixaFinal | 6,0.0,0.01,OK
Output 03_BALANCO,CaixaFinal | 7,0.0,0.01,OK
Output 03_BALANCO,CaixaFinal | 8,0.0,0.01,OK
Output 03_BALANCO,CaixaFinal | 9,0.0,0.01,OK
Output 03_BALANCO,CaixaFinal | 10,0.0,0.01,OK
Output 03_BALANCO,CaixaFinal | 11,0.0,0.01,OK
Output 03_BALANCO,CaixaFinal | 12,0.0,0.01,OK
Output 03_BALANCO,CaixaFinal | anual,0.0,0.01,OK
Output 03_BALANCO,Clientes | 1,0.0,0.01,OK
Output 03_BALANCO,Clientes | 2,0.0,0.01,OK
Output 03_BALANCO,Clientes | 3,0.0,0.01,OK
Output 03_BALANCO,Clientes | 4,0.0,0.01,OK
Output 03_BALANCO,Clientes | 5,0.0,0.01,OK
Output 03_BALANCO,Clientes | 6,0.0,0.01,OK
Output 03_BALANCO,Clientes | 7,0.0,0.01,OK
Output 03_BALANCO,Clientes | 8,0.0,0.01,OK
Output 03_BALANCO,Clientes | 9,0.0,0.01,OK
Output 03_BALANCO,Clientes | 10,0.0,0.01,OK
Output 03_BALANCO,Clientes | 11,0.0,0.01,OK
Output 03_BALANCO,Clientes | 12,0.0,0.01,OK
Output 03_BALANCO,Clientes | anual,0.0,0.01,OK
Output 03_BALANCO,Estoque | 1,0.0,0.01,OK
Output 03_BALANCO,Estoque | 2,0.0,0.01,OK
Output 03_BALANCO,Estoque | 3,0.0,0.01,OK
Output 03_BALANCO,Estoque | 4,0.0,0.01,OK
Output 03_BALANCO,Estoque | 5,0.0,0.01,OK
Output 03_BALANCO,Estoque | 6,0.0,0.01,OK
Output 03_BALANCO,Estoque | 7,0.0,0.01,OK
Output 03_BALANCO,Estoque | 8,0.0,0.01,OK
Output 03_BALANCO,Estoque | 9,0.0,0.01,OK
Output 03_BALANCO,Estoque | 10,0.0,0.01,OK
Output 03_BALANCO,Estoque | 11,0.0,0.01,OK
Output 03_BALANCO,Estoque | 12,0.0,0.01,OK
Output 03_BALANCO,Estoque | anual,0.0,0.01,OK
Output 03_BALANCO,AtivoCirculante | 1,0.0,0.01,OK
Output 03_BALANCO,AtivoCirculante | 2,0.0,0.01,OK
Output 03_BALANCO,AtivoCirculante | 3,0.0,0.01,OK
Output 03_BALANCO,AtivoCirculante | 4,0.0,0.01,OK
Output 03_BALANCO,AtivoCirculante | 5,0.0,0.01,OK
Output 03_BALANCO,AtivoCirculante | 6,0.0,0.01,OK
Output 03_BALANCO,AtivoCirculante | 7,0.0,0.01,OK
Output 03_BALANCO,AtivoCirculante | 8,0.0,0.01,OK
Output 03_BALANCO,AtivoCirculante | 9,0.0,0.01,OK
Output 03_BALANCO,AtivoCirculante | 10,0.0,0.01,OK
Output 03_BALANCO,AtivoCirculante | 11,0.0,0.01,OK
Output 03_BALANCO,AtivoCirculante | 12,0.0,0.01,OK
Output 03_BALANCO,AtivoCirculante | anual,0.0,0.01,OK
Output 03_BALANCO,ImobilizadoBruto | 1,0.0,0.01,OK
Output 03_BALANCO,ImobilizadoBruto | 2,0.0,0.01,OK
Output 03_BALANCO,ImobilizadoBruto | 3,0.0,0.01,OK
Output 03_BALANCO,ImobilizadoBruto | 4,0.0,0.01,OK
Output 03_BALANCO,ImobilizadoBruto | 5,0.0,0.01,OK
Output 03_BALANCO,ImobilizadoBruto | 6,0.0,0.01,OK
Output 03_BALANCO,ImobilizadoBruto | 7,0.0,0.01,OK
Output 03_BALANCO,ImobilizadoBruto | 8,0.0,0.01,OK
Output 03_BALANCO,ImobilizadoBruto | 9,0.0,0.01,OK
Output 03_BALANCO,ImobilizadoBruto | 10,0.0,0.01,OK
Output 03_BALANCO,ImobilizadoBruto | 11,0.0,0.01,OK
Output 03_BALANCO,ImobilizadoBruto | 12,0.0,0.01,OK
Output 03_BALANCO,ImobilizadoBruto | anual,0.0,0.01,OK
Output 03_BALANCO,DepAcumulada | 1,0.0,0.01,OK
Output 03_BALANCO,DepAcumulada | 2,0.0,0.01,OK
Output 03_BALANCO,DepAcumulada | 3,0.0,0.01,OK
Output 03_BALANCO,DepAcumulada | 4,0.0,0.01,OK
Output 03_BALANCO,DepAcumulada | 5,0.0,0.01,OK
Output 03_BALANCO,DepAcumulada | 6,0.0,0.01,OK
Output 03_BALANCO,DepAcumulada | 7,0.0,0.01,OK
Output 03_BALANCO,DepAcumulada | 8,0.0,0.01,OK
Output 03_BALANCO,DepAcumulada | 9,0.0,0.01,OK
Output 03_BALANCO,DepAcumulada | 10,0.0,0.01,OK
Output 03_BALANCO,DepAcumulada | 11,0.0,0.01,OK
Output 03_BALANCO,DepAcumulada | 12,0.0,0.01,OK
Output 03_BALANCO,DepAcumulada | anual,0.0,0.01,OK
Output 03_BALANCO,AtivoNaoCirculante | 1,0.0,0.01,OK
Output 03_BALANCO,AtivoNaoCirculante | 2,0.0,0.01,OK
Output 03_BALANCO,AtivoNaoCirculante | 3,0.0,0.01,OK
Output 03_BALANCO,AtivoNaoCirculante | 4,0.0,0.01,OK
Output 03_BALANCO,AtivoNaoCirculante | 5,0.0,0.01,OK
Output 03_BALANCO,AtivoNaoCirculante | 6,0.0,0.01,OK
Output 03_BALANCO,AtivoNaoCirculante | 7,0.0,0.01,OK
Output 03_BALANCO,AtivoNaoCirculante | 8,0.0,0.01,OK
Output 03_BALANCO,AtivoNaoCirculante | 9,0.0,0.01,OK
Output 03_BALANCO,AtivoNaoCirculante | 10,0.0,0.01,OK
Output 03_BALANCO,AtivoNaoCirculante | 11,0.0,0.01,OK
Output 03_BALANCO,AtivoNaoCirculante | 12,0.0,0.01,OK
Output 03_BALANCO,AtivoNaoCirculante | anual,0.0,0.01,OK
Output 03_BALANCO,Ativo | 1,0.0,0.01,OK
Output 03_BALANCO,Ativo | 2,0.0,0.01,OK
Output 03_BALANCO,Ativo | 3,0.0,0.01,OK
Output 03_BALANCO,Ativo | 4,0.0,0.01,OK
Output 03_BALANCO,Ativo | 5,0.0,0.01,OK
Output 03_BALANCO,Ativo | 6,0.0,0.01,OK
Output 03_BALANCO,Ativo | 7,0.0,0.01,OK
Output 03_BALANCO,Ativo | 8,0.0,0.01,OK
Output 03_BALANCO,Ativo | 9,0.0,0.01,OK
Output 03_BALANCO,Ativo | 10,0.0,0.01,OK
Output 03_BALANCO,Ativo | 11,0.0,0.01,OK
Output 03_BALANCO,Ativo | 12,0.0,0.01,OK
Output 03_BALANCO,Ativo | anual,0.0,0.01,OK
Output 03_BALANCO,Fornecedores | 1,0.0,0.01,OK
Output 03_BALANCO,Fornecedores | 2,0.0,0.01,OK
Output 03_BALANCO,Fornecedores | 3,0.0,0.01,OK
Output 03_BALANCO,Fornecedores | 4,0.0,0.01,OK
Output 03_BALANCO,Fornecedores | 5,0.0,0.01,OK
Output 03_BALANCO,Fornecedores | 6,0.0,0.01,OK
Output 03_BALANCO,Fornecedores | 7,0.0,0.01,OK
Output 03_BALANCO,Fornecedores | 8,0.0,0.01,OK
Output 03_BALANCO,Fornecedores | 9,0.0,0.01,OK
Output 03_BALANCO,Fornecedores | 10,0.0,0.01,OK
Output 03_BALANCO,Fornecedores | 11,0.0,0.01,OK
Output 03_BALANCO,Fornecedores | 12,0.0,0.01,OK
Output 03_BALANCO,Fornecedores | anual,0.0,0.01,OK
Output 03_BALANCO,SalariosPagar | 1,0.0,0.01,OK
Output 03_BALANCO,SalariosPagar | 2,0.0,0.01,OK
Output 03_BALANCO,SalariosPagar | 3,0.0,0.01,OK
Output 03_BALANCO,SalariosPagar | 4,0.0,0.01,OK
Output 03_BALANCO,SalariosPagar | 5,0.0,0.01,OK
Output 03_BALANCO,SalariosPagar | 6,0.0,0.01,OK
Output 03_BALANCO,SalariosPagar | 7,0.0,0.01,OK
Output 03_BALANCO,SalariosPagar | 8,0.0,0.01,OK
Output 03_BALANCO,SalariosPagar | 9,0.0,0.01,OK
Output 03_BALANCO,SalariosPagar | 10,0.0,0.01,OK
Output 03_BALANCO,SalariosPagar | 11,0.0,0.01,OK
Output 03_BALANCO,SalariosPagar | 12,0.0,0.01,OK
Output 03_BALANCO,SalariosPagar | anual,0.0,0.01,OK
Output 03_BALANCO,TributosVendaPagar | 1,0.0,0.01,OK
Output 03_BALANCO,TributosVendaPagar | 2,0.0,0.01,OK
Output 03_BALANCO,TributosVendaPagar | 3,0.0,0.01,OK
Output 03_BALANCO,TributosVendaPagar | 4,0.0,0.01,OK
Output 03_BALANCO,TributosVendaPagar | 5,0.0,0.01,OK
Output 03_BALANCO,TributosVendaPagar | 6,0.0,0.01,OK
Output 03_BALANCO,TributosVendaPagar | 7,0.0,0.01,OK
Output 03_BALANCO,TributosVendaPagar | 8,0.0,0.01,OK
Output 03_BALANCO,TributosVendaPagar | 9,0.0,0.01,OK
Output 03_BALANCO,TributosVendaPagar | 10,0.0,0.01,OK
Output 03_BALANCO,TributosVendaPagar | 11,0.0,0.01,OK
Output 03_BALANCO,TributosVendaPagar | 12,0.0,0.01,OK
Output 03_BALANCO,TributosVendaPagar | anual,0.0,0.01,OK
Output 03_BALANCO,IRPagar | 1,0.0,0.01,OK
Output 03_BALANCO,IRPagar | 2,0.0,0.01,OK
Output 03_BALANCO,IRPagar | 3,0.0,0.01,OK
Output 03_BALANCO,IRPagar | 4,0.0,0.01,OK
Output 03_BALANCO,IRPagar | 5,0.0,0.01,OK
Output 03_BALANCO,IRPagar | 6,0.0,0.01,OK
Output 03_BALANCO,IRPagar | 7,0.0,0.01,OK
Output 03_BALANCO,IRPagar | 8,0.0,0.01,OK
Output 03_BALANCO,IRPagar | 9,0.0,0.01,OK
Output 03_BALANCO,IRPagar | 10,0.0,0.01,OK
Output 03_BALANCO,IRPagar | 11,0.0,0.01,OK
Output 03_BALANCO,IRPagar | 12,0.0,0.01,OK
Output 03_BALANCO,IRPagar | anual,0.0,0.01,OK
Output 03_BALANCO,DividaCP | 1,0.0,0.01,OK
Output 03_BALANCO,DividaCP | 2,0.0,0.01,OK
Output 03_BALANCO,DividaCP | 3,0.0,0.01,OK
Output 03_BALANCO,DividaCP | 4,0.0,0.01,OK
Output 03_BALANCO,DividaCP | 5,0.0,0.01,OK
Output 03_BALANCO,DividaCP | 6,0.0,0.01,OK
Output 03_BALANCO,DividaCP | 7,0.0,0.01,OK
Output 03_BALANCO,DividaCP | 8,0.0,0.01,OK
Output 03_BALANCO,DividaCP | 9,0.0,0.01,OK
Output 03_BALANCO,DividaCP | 10,0.0,0.01,OK
Output 03_BALANCO,DividaCP | 11,0.0,0.01,OK
Output 03_BALANCO,DividaCP | 12,0.0,0.01,OK
Output 03_BALANCO,DividaCP | anual,0.0,0.01,OK
Output 03_BALANCO,PassivoCirculante | 1,0.0,0.01,OK
Output 03_BALANCO,PassivoCirculante | 2,0.0,0.01,OK
Output 03_BALANCO,PassivoCirculante | 3,0.0,0.01,OK
Output 03_BALANCO,PassivoCirculante | 4,0.0,0.01,OK
Output 03_BALANCO,PassivoCirculante | 5,0.0,0.01,OK
Output 03_BALANCO,PassivoCirculante | 6,0.0,0.01,OK
Output 03_BALANCO,PassivoCirculante | 7,0.0,0.01,OK
Output 03_BALANCO,PassivoCirculante | 8,0.0,0.01,OK
Output 03_BALANCO,PassivoCirculante | 9,0.0,0.01,OK
Output 03_BALANCO,PassivoCirculante | 10,0.0,0.01,OK
Output 03_BALANCO,PassivoCirculante | 11,0.0,0.01,OK
Output 03_BALANCO,PassivoCirculante | 12,0.0,0.01,OK
Output 03_BALANCO,PassivoCirculante | anual,0.0,0.01,OK
Output 03_BALANCO,DividaLP | 1,0.0,0.01,OK
Output 03_BALANCO,DividaLP | 2,0.0,0.01,OK
Output 03_BALANCO,DividaLP | 3,0.0,0.01,OK
Output 03_BALANCO,DividaLP | 4,0.0,0.01,OK
Output 03_BALANCO,DividaLP | 5,0.0,0.01,OK
Output 03_BALANCO,DividaLP | 6,0.0,0.01,OK
Output 03_BALANCO,DividaLP | 7,0.0,0.01,OK
Output 03_BALANCO,DividaLP | 8,0.0,0.01,OK
Output 03_BALANCO,DividaLP | 9,0.0,0.01,OK
Output 03_BALANCO,DividaLP | 10,0.0,0.01,OK
Output 03_BALANCO,DividaLP | 11,0.0,0.01,OK
Output 03_BALANCO,DividaLP | 12,0.0,0.01,OK
Output 03_BALANCO,DividaLP | anual,0.0,0.01,OK
Output 03_BALANCO,PassivoNaoCirculante | 1,0.0,0.01,OK
Output 03_BALANCO,PassivoNaoCirculante | 2,0.0,0.01,OK
Output 03_BALANCO,PassivoNaoCirculante | 3,0.0,0.01,OK
Output 03_BALANCO,PassivoNaoCirculante | 4,0.0,0.01,OK
Output 03_BALANCO,PassivoNaoCirculante | 5,0.0,0.01,OK
Output 03_BALANCO,PassivoNaoCirculante | 6,0.0,0.01,OK
Output 03_BALANCO,PassivoNaoCirculante | 7,0.0,0.01,OK
Output 03_BALANCO,PassivoNaoCirculante | 8,0.0,0.01,OK
Output 03_BALANCO,PassivoNaoCirculante | 9,0.0,0.01,OK
Output 03_BALANCO,PassivoNaoCirculante | 10,0.0,0.01,OK
Output 03_BALANCO,PassivoNaoCirculante | 11,0.0,0.01,OK
Output 03_BALANCO,PassivoNaoCirculante | 12,0.0,0.01,OK
Output 03_BALANCO,PassivoNaoCirculante | anual,0.0,0.01,OK
Output 03_BALANCO,Divida | 1,0.0,0.01,OK
Output 03_BALANCO,Divida | 2,0.0,0.01,OK
Output 03_BALANCO,Divida | 3,0.0,0.01,OK
Output 03_BALANCO,Divida | 4,0.0,0.01,OK
Output 03_BALANCO,Divida | 5,0.0,0.01,OK
Output 03_BALANCO,Divida | 6,0.0,0.01,OK
Output 03_BALANCO,Divida | 7,0.0,0.01,OK
Output 03_BALANCO,Divida | 8,0.0,0.01,OK
Output 03_BALANCO,Divida | 9,0.0,0.01,OK
Output 03_BALANCO,Divida | 10,0.0,0.01,OK
Output 03_BALANCO,Divida | 11,0.0,0.01,OK
Output 03_BALANCO,Divida | 12,0.0,0.01,OK
Output 03_BALANCO,Divida | anual,0.0,0.01,OK
Output 03_BALANCO,Passivo | 1,0.0,0.01,OK
Output 03_BALANCO,Passivo | 2,0.0,0.01,OK
Output 03_BALANCO,Passivo | 3,0.0,0.01,OK
Output 03_BALANCO,Passivo | 4,0.0,0.01,OK
Output 03_BALANCO,Passivo | 5,0.0,0.01,OK
Output 03_BALANCO,Passivo | 6,0.0,0.01,OK
Output 03_BALANCO,Passivo | 7,0.0,0.01,OK
Output 03_BALANCO,Passivo | 8,0.0,0.01,OK
Output 03_BALANCO,Passivo | 9,0.0,0.01,OK
Output 03_BALANCO,Passivo | 10,0.0,0.01,OK
Output 03_BALANCO,Passivo | 11,0.0,0.01,OK
Output 03_BALANCO,Passivo | 12,0.0,0.01,OK
Output 03_BALANCO,Passivo | anual,0.0,0.01,OK
Output 03_BALANCO,Capital | 1,0.0,0.01,OK
Output 03_BALANCO,Capital | 2,0.0,0.01,OK
Output 03_BALANCO,Capital | 3,0.0,0.01,OK
Output 03_BALANCO,Capital | 4,0.0,0.01,OK
Output 03_BALANCO,Capital | 5,0.0,0.01,OK
Output 03_BALANCO,Capital | 6,0.0,0.01,OK
Output 03_BALANCO,Capital | 7,0.0,0.01,OK
Output 03_BALANCO,Capital | 8,0.0,0.01,OK
Output 03_BALANCO,Capital | 9,0.0,0.01,OK
Output 03_BALANCO,Capital | 10,0.0,0.01,OK
Output 03_BALANCO,Capital | 11,0.0,0.01,OK
Output 03_BALANCO,Capital | 12,0.0,0.01,OK
Output 03_BALANCO,Capital | anual,0.0,0.01,OK
Output 03_BALANCO,LucrosAcumulados | 1,0.0,0.01,OK
Output 03_BALANCO,LucrosAcumulados | 2,0.0,0.01,OK
Output 03_BALANCO,LucrosAcumulados | 3,0.0,0.01,OK
Output 03_BALANCO,LucrosAcumulados | 4,0.0,0.01,OK
Output 03_BALANCO,LucrosAcumulados | 5,0.0,0.01,OK
Output 03_BALANCO,LucrosAcumulados | 6,0.0,0.01,OK
Output 03_BALANCO,LucrosAcumulados | 7,0.0,0.01,OK
Output 03_BALANCO,LucrosAcumulados | 8,0.0,0.01,OK
Output 03_BALANCO,LucrosAcumulados | 9,0.0,0.01,OK
Output 03_BALANCO,LucrosAcumulados | 10,0.0,0.01,OK
Output 03_BALANCO,LucrosAcumulados | 11,0.0,0.01,OK
Output 03_BALANCO,LucrosAcumulados | 12,0.0,0.01,OK
Output 03_BALANCO,LucrosAcumulados | anual,0.0,0.01,OK
Output 03_BALANCO,PL | 1,0.0,0.01,OK
Output 03_BALANCO,PL | 2,0.0,0.01,OK
Output 03_BALANCO,PL | 3,0.0,0.01,OK
Output 03_BALANCO,PL | 4,0.0,0.01,OK
Output 03_BALANCO,PL | 5,0.0,0.01,OK
Output 03_BALANCO,PL | 6,0.0,0.01,OK
Output 03_BALANCO,PL | 7,0.0,0.01,OK
Output 03_BALANCO,PL | 8,0.0,0.01,OK
Output 03_BALANCO,PL | 9,0.0,0.01,OK
Output 03_BALANCO,PL | 10,0.0,0.01,OK
Output 03_BALANCO,PL | 11,0.0,0.01,OK
Output 03_BALANCO,PL | 12,0.0,0.01,OK
Output 03_BALANCO,PL | anual,0.0,0.01,OK
Output 03_BALANCO,CheckBP | 1,0.0,0.01,OK
Output 03_BALANCO,CheckBP | 2,0.0,0.01,OK
Output 03_BALANCO,CheckBP | 3,0.0,0.01,OK
Output 03_BALANCO,CheckBP | 4,0.0,0.01,OK
Output 03_BALANCO,CheckBP | 5,0.0,0.01,OK
Output 03_BALANCO,CheckBP | 6,0.0,0.01,OK
Output 03_BALANCO,CheckBP | 7,0.0,0.01,OK
Output 03_BALANCO,CheckBP | 8,0.0,0.01,OK
Output 03_BALANCO,CheckBP | 9,0.0,0.01,OK
Output 03_BALANCO,CheckBP | 10,0.0,0.01,OK
Output 03_BALANCO,CheckBP | 11,0.0,0.01,OK
Output 03_BALANCO,CheckBP | 12,0.0,0.01,OK
Output 03_BALANCO,CheckBP | anual,2.7939677238464355e-09,0.01,OK
Output 05_INDICADORES,LiquidezCorrente | 1,0.0,0.01,OK
Output 05_INDICADORES,LiquidezCorrente | 2,0.0,0.01,OK
Output 05_INDICADORES,LiquidezCorrente | 3,0.0,0.01,OK
Output 05_INDICADORES,LiquidezCorrente | 4,0.0,0.01,OK
Output 05_INDICADORES,LiquidezCorrente | 5,0.0,0.01,OK
Output 05_INDICADORES,LiquidezCorrente | 6,0.0,0.01,OK
Output 05_INDICADORES,LiquidezCorrente | 7,0.0,0.01,OK
Output 05_INDICADORES,LiquidezCorrente | 8,0.0,0.01,OK
Output 05_INDICADORES,LiquidezCorrente | 9,0.0,0.01,OK
Output 05_INDICADORES,LiquidezCorrente | 10,0.0,0.01,OK
Output 05_INDICADORES,LiquidezCorrente | 11,0.0,0.01,OK
Output 05_INDICADORES,LiquidezCorrente | 12,0.0,0.01,OK
Output 05_INDICADORES,LiquidezCorrente | anual,0.0,0.01,OK
Output 05_INDICADORES,ReceitaLiquida | 1,0.0,0.01,OK
Output 05_INDICADORES,ReceitaLiquida | 2,0.0,0.01,OK
Output 05_INDICADORES,ReceitaLiquida | 3,0.0,0.01,OK
Output 05_INDICADORES,ReceitaLiquida | 4,0.0,0.01,OK
Output 05_INDICADORES,ReceitaLiquida | 5,0.0,0.01,OK
Output 05_INDICADORES,ReceitaLiquida | 6,0.0,0.01,OK
Output 05_INDICADORES,ReceitaLiquida | 7,0.0,0.01,OK
Output 05_INDICADORES,ReceitaLiquida | 8,0.0,0.01,OK
Output 05_INDICADORES,ReceitaLiquida | 9,0.0,0.01,OK
Output 05_INDICADORES,ReceitaLiquida | 10,0.0,0.01,OK
Output 05_INDICADORES,ReceitaLiquida | 11,0.0,0.01,OK
Output 05_INDICADORES,ReceitaLiquida | 12,0.0,0.01,OK
Output 05_INDICADORES,ReceitaLiquida | anual,0.0,0.01,OK
Output 05_INDICADORES,EBITDA | 1,0.0,0.01,OK
Output 05_INDICADORES,EBITDA | 2,0.0,0.01,OK
Output 05_INDICADORES,EBITDA | 3,0.0,0.01,OK
Output 05_INDICADORES,EBITDA | 4,0.0,0.01,OK
Output 05_INDICADORES,EBITDA | 5,0.0,0.01,OK
Output 05_INDICADORES,EBITDA | 6,0.0,0.01,OK
Output 05_INDICADORES,EBITDA | 7,0.0,0.01,OK
Output 05_INDICADORES,EBITDA | 8,0.0,0.01,OK
Output 05_INDICADORES,EBITDA | 9,0.0,0.01,OK
Output 05_INDICADORES,EBITDA | 10,0.0,0.01,OK
Output 05_INDICADORES,EBITDA | 11,0.0,0.01,OK
Output 05_INDICADORES,EBITDA | 12,0.0,0.01,OK
Output 05_INDICADORES,EBITDA | anual,0.0,0.01,OK
Output 05_INDICADORES,MargemEBITDA | 1,0.0,0.01,OK
Output 05_INDICADORES,MargemEBITDA | 2,0.0,0.01,OK
Output 05_INDICADORES,MargemEBITDA | 3,0.0,0.01,OK
Output 05_INDICADORES,MargemEBITDA | 4,0.0,0.01,OK
Output 05_INDICADORES,MargemEBITDA | 5,0.0,0.01,OK
Output 05_INDICADORES,MargemEBITDA | 6,0.0,0.01,OK
Output 05_INDICADORES,MargemEBITDA | 7,0.0,0.01,OK
Output 05_INDICADORES,MargemEBITDA | 8,0.0,0.01,OK
Output 05_INDICADORES,MargemEBITDA | 9,0.0,0.01,OK
Output 05_INDICADORES,MargemEBITDA | 10,0.0,0.01,OK
Output 05_INDICADORES,MargemEBITDA | 11,0.0,0.01,OK
Output 05_INDICADORES,MargemEBITDA | 12,0.0,0.01,OK
Output 05_INDICADORES,MargemEBITDA | anual,0.0,0.01,OK
Output 05_INDICADORES,LucroLiquido | 1,0.0,0.01,OK
Output 05_INDICADORES,LucroLiquido | 2,0.0,0.01,OK
Output 05_INDICADORES,LucroLiquido | 3,0.0,0.01,OK
Output 05_INDICADORES,LucroLiquido | 4,0.0,0.01,OK
Output 05_INDICADORES,LucroLiquido | 5,0.0,0.01,OK
Output 05_INDICADORES,LucroLiquido | 6,0.0,0.01,OK
Output 05_INDICADORES,LucroLiquido | 7,0.0,0.01,OK
Output 05_INDICADORES,LucroLiquido | 8,0.0,0.01,OK
Output 05_INDICADORES,LucroLiquido | 9,0.0,0.01,OK
Output 05_INDICADORES,LucroLiquido | 10,0.0,0.01,OK
Output 05_INDICADORES,LucroLiquido | 11,0.0,0.01,OK
Output 05_INDICADORES,LucroLiquido | 12,0.0,0.01,OK
Output 05_INDICADORES,LucroLiquido | anual,0.0,0.01,OK
Output 05_INDICADORES,MargemLiquida | 1,0.0,0.01,OK
Output 05_INDICADORES,MargemLiquida | 2,0.0,0.01,OK
Output 05_INDICADORES,MargemLiquida | 3,0.0,0.01,OK
Output 05_INDICADORES,MargemLiquida | 4,0.0,0.01,OK
Output 05_INDICADORES,MargemLiquida | 5,0.0,0.01,OK
Output 05_INDICADORES,MargemLiquida | 6,0.0,0.01,OK
Output 05_INDICADORES,MargemLiquida | 7,0.0,0.01,OK
Output 05_INDICADORES,MargemLiquida | 8,0.0,0.01,OK
Output 05_INDICADORES,MargemLiquida | 9,0.0,0.01,OK
Output 05_INDICADORES,MargemLiquida | 10,0.0,0.01,OK
Output 05_INDICADORES,MargemLiquida | 11,0.0,0.01,OK
Output 05_INDICADORES,MargemLiquida | 12,0.0,0.01,OK
Output 05_INDICADORES,MargemLiquida | anual,0.0,0.01,OK
Output 05_INDICADORES,CaixaFinal | 1,0.0,0.01,OK
Output 05_INDICADORES,CaixaFinal | 2,0.0,0.01,OK
Output 05_INDICADORES,CaixaFinal | 3,0.0,0.01,OK
Output 05_INDICADORES,CaixaFinal | 4,0.0,0.01,OK
Output 05_INDICADORES,CaixaFinal | 5,0.0,0.01,OK
Output 05_INDICADORES,CaixaFinal | 6,0.0,0.01,OK
Output 05_INDICADORES,CaixaFinal | 7,0.0,0.01,OK
Output 05_INDICADORES,CaixaFinal | 8,0.0,0.01,OK
Output 05_INDICADORES,CaixaFinal | 9,0.0,0.01,OK
Output 05_INDICADORES,CaixaFinal | 10,0.0,0.01,OK
Output 05_INDICADORES,CaixaFinal | 11,0.0,0.01,OK
Output 05_INDICADORES,CaixaFinal | 12,0.0,0.01,OK
Output 05_INDICADORES,CaixaFinal | anual,0.0,0.01,OK
Output 05_INDICADORES,NCG | 1,0.0,0.01,OK
Output 05_INDICADORES,NCG | 2,0.0,0.01,OK
Output 05_INDICADORES,NCG | 3,0.0,0.01,OK
Output 05_INDICADORES,NCG | 4,0.0,0.01,OK
Output 05_INDICADORES,NCG | 5,0.0,0.01,OK
Output 05_INDICADORES,NCG | 6,0.0,0.01,OK
Output 05_INDICADORES,NCG | 7,0.0,0.01,OK
Output 05_INDICADORES,NCG | 8,0.0,0.01,OK
Output 05_INDICADORES,NCG | 9,0.0,0.01,OK
Output 05_INDICADORES,NCG | 10,0.0,0.01,OK
Output 05_INDICADORES,NCG | 11,0.0,0.01,OK
Output 05_INDICADORES,NCG | 12,0.0,0.01,OK
Output 05_INDICADORES,NCG | anual,0.0,0.01,OK
Output 05_INDICADORES,DSO | 1,0.0,0.01,OK
Output 05_INDICADORES,DSO | 2,0.0,0.01,OK
Output 05_INDICADORES,DSO | 3,0.0,0.01,OK
Output 05_INDICADORES,DSO | 4,0.0,0.01,OK
Output 05_INDICADORES,DSO | 5,0.0,0.01,OK
Output 05_INDICADORES,DSO | 6,0.0,0.01,OK
Output 05_INDICADORES,DSO | 7,0.0,0.01,OK
Output 05_INDICADORES,DSO | 8,0.0,0.01,OK
Output 05_INDICADORES,DSO | 9,0.0,0.01,OK
Output 05_INDICADORES,DSO | 10,0.0,0.01,OK
Output 05_INDICADORES,DSO | 11,0.0,0.01,OK
Output 05_INDICADORES,DSO | 12,0.0,0.01,OK
Output 05_INDICADORES,DSO | anual,0.0,0.01,OK
Output 05_INDICADORES,DIO | 1,0.0,0.01,OK
Output 05_INDICADORES,DIO | 2,0.0,0.01,OK
Output 05_INDICADORES,DIO | 3,0.0,0.01,OK
Output 05_INDICADORES,DIO | 4,0.0,0.01,OK
Output 05_INDICADORES,DIO | 5,0.0,0.01,OK
Output 05_INDICADORES,DIO | 6,0.0,0.01,OK
Output 05_INDICADORES,DIO | 7,0.0,0.01,OK
Output 05_INDICADORES,DIO | 8,0.0,0.01,OK
Output 05_INDICADORES,DIO | 9,0.0,0.01,OK
Output 05_INDICADORES,DIO | 10,0.0,0.01,OK
Output 05_INDICADORES,DIO | 11,0.0,0.01,OK
Output 05_INDICADORES,DIO | 12,0.0,0.01,OK
Output 05_INDICADORES,DIO | anual,0.0,0.01,OK
Output 05_INDICADORES,DPO | 1,0.0,0.01,OK
Output 05_INDICADORES,DPO | 2,0.0,0.01,OK
Output 05_INDICADORES,DPO | 3,0.0,0.01,OK
Output 05_INDICADORES,DPO | 4,0.0,0.01,OK
Output 05_INDICADORES,DPO | 5,0.0,0.01,OK
Output 05_INDICADORES,DPO | 6,0.0,0.01,OK
Output 05_INDICADORES,DPO | 7,0.0,0.01,OK
Output 05_INDICADORES,DPO | 8,0.0,0.01,OK
Output 05_INDICADORES,DPO | 9,0.0,0.01,OK
Output 05_INDICADORES,DPO | 10,0.0,0.01,OK
Output 05_INDICADORES,DPO | 11,0.0,0.01,OK
Output 05_INDICADORES,DPO | 12,0.0,0.01,OK
Output 05_INDICADORES,DPO | anual,0.0,0.01,OK
Output 05_INDICADORES,Divida | 1,0.0,0.01,OK
Output 05_INDICADORES,Divida | 2,0.0,0.01,OK
Output 05_INDICADORES,Divida | 3,0.0,0.01,OK
Output 05_INDICADORES,Divida | 4,0.0,0.01,OK
Output 05_INDICADORES,Divida | 5,0.0,0.01,OK
Output 05_INDICADORES,Divida | 6,0.0,0.01,OK
Output 05_INDICADORES,Divida | 7,0.0,0.01,OK
Output 05_INDICADORES,Divida | 8,0.0,0.01,OK
Output 05_INDICADORES,Divida | 9,0.0,0.01,OK
Output 05_INDICADORES,Divida | 10,0.0,0.01,OK
Output 05_INDICADORES,Divida | 11,0.0,0.01,OK
Output 05_INDICADORES,Divida | 12,0.0,0.01,OK
Output 05_INDICADORES,Divida | anual,0.0,0.01,OK
Output 05_INDICADORES,DividaLiquida | 1,0.0,0.01,OK
Output 05_INDICADORES,DividaLiquida | 2,0.0,0.01,OK
Output 05_INDICADORES,DividaLiquida | 3,0.0,0.01,OK
Output 05_INDICADORES,DividaLiquida | 4,0.0,0.01,OK
Output 05_INDICADORES,DividaLiquida | 5,0.0,0.01,OK
Output 05_INDICADORES,DividaLiquida | 6,0.0,0.01,OK
Output 05_INDICADORES,DividaLiquida | 7,0.0,0.01,OK
Output 05_INDICADORES,DividaLiquida | 8,0.0,0.01,OK
Output 05_INDICADORES,DividaLiquida | 9,0.0,0.01,OK
Output 05_INDICADORES,DividaLiquida | 10,0.0,0.01,OK
Output 05_INDICADORES,DividaLiquida | 11,0.0,0.01,OK
Output 05_INDICADORES,DividaLiquida | 12,0.0,0.01,OK
Output 05_INDICADORES,DividaLiquida | anual,0.0,0.01,OK
Output 05_INDICADORES,FC_Livre | 1,0.0,0.01,OK
Output 05_INDICADORES,FC_Livre | 2,0.0,0.01,OK
Output 05_INDICADORES,FC_Livre | 3,0.0,0.01,OK
Output 05_INDICADORES,FC_Livre | 4,0.0,0.01,OK
Output 05_INDICADORES,FC_Livre | 5,0.0,0.01,OK
Output 05_INDICADORES,FC_Livre | 6,0.0,0.01,OK
Output 05_INDICADORES,FC_Livre | 7,0.0,0.01,OK
Output 05_INDICADORES,FC_Livre | 8,0.0,0.01,OK
Output 05_INDICADORES,FC_Livre | 9,0.0,0.01,OK
Output 05_INDICADORES,FC_Livre | 10,0.0,0.01,OK
Output 05_INDICADORES,FC_Livre | 11,0.0,0.01,OK
Output 05_INDICADORES,FC_Livre | 12,0.0,0.01,OK
Output 05_INDICADORES,FC_Livre | anual,0.0,0.01,OK
Output DFC,LucroLiquido | 1,0.0,0.01,OK
Output DFC,LucroLiquido | 2,0.0,0.01,OK
Output DFC,LucroLiquido | 3,0.0,0.01,OK
Output DFC,LucroLiquido | 4,0.0,0.01,OK
Output DFC,LucroLiquido | 5,0.0,0.01,OK
Output DFC,LucroLiquido | 6,0.0,0.01,OK
Output DFC,LucroLiquido | 7,0.0,0.01,OK
Output DFC,LucroLiquido | 8,0.0,0.01,OK
Output DFC,LucroLiquido | 9,0.0,0.01,OK
Output DFC,LucroLiquido | 10,0.0,0.01,OK
Output DFC,LucroLiquido | 11,0.0,0.01,OK
Output DFC,LucroLiquido | 12,0.0,0.01,OK
Output DFC,LucroLiquido | anual,0.0,0.01,OK
Output DFC,Depreciacao | 1,0.0,0.01,OK
Output DFC,Depreciacao | 2,0.0,0.01,OK
Output DFC,Depreciacao | 3,0.0,0.01,OK
Output DFC,Depreciacao | 4,0.0,0.01,OK
Output DFC,Depreciacao | 5,0.0,0.01,OK
Output DFC,Depreciacao | 6,0.0,0.01,OK
Output DFC,Depreciacao | 7,0.0,0.01,OK
Output DFC,Depreciacao | 8,0.0,0.01,OK
Output DFC,Depreciacao | 9,0.0,0.01,OK
Output DFC,Depreciacao | 10,0.0,0.01,OK
Output DFC,Depreciacao | 11,0.0,0.01,OK
Output DFC,Depreciacao | 12,0.0,0.01,OK
Output DFC,Depreciacao | anual,0.0,0.01,OK
Output DFC,FCO_Indireto | 1,0.0,0.01,OK
Output DFC,FCO_Indireto | 2,0.0,0.01,OK
Output DFC,FCO_Indireto | 3,0.0,0.01,OK
Output DFC,FCO_Indireto | 4,0.0,0.01,OK
Output DFC,FCO_Indireto | 5,0.0,0.01,OK
Output DFC,FCO_Indireto | 6,0.0,0.01,OK
Output DFC,FCO_Indireto | 7,0.0,0.01,OK
Output DFC,FCO_Indireto | 8,0.0,0.01,OK
Output DFC,FCO_Indireto | 9,0.0,0.01,OK
Output DFC,FCO_Indireto | 10,0.0,0.01,OK
Output DFC,FCO_Indireto | 11,0.0,0.01,OK
Output DFC,FCO_Indireto | 12,0.0,0.01,OK
Output DFC,FCO_Indireto | anual,0.0,0.01,OK
Output DFC,Investimentos (capex) | 1,0.0,0.01,OK
Output DFC,Investimentos (capex) | 2,0.0,0.01,OK
Output DFC,Investimentos (capex) | 3,0.0,0.01,OK
Output DFC,Investimentos (capex) | 4,0.0,0.01,OK
Output DFC,Investimentos (capex) | 5,0.0,0.01,OK
Output DFC,Investimentos (capex) | 6,0.0,0.01,OK
Output DFC,Investimentos (capex) | 7,0.0,0.01,OK
Output DFC,Investimentos (capex) | 8,0.0,0.01,OK
Output DFC,Investimentos (capex) | 9,0.0,0.01,OK
Output DFC,Investimentos (capex) | 10,0.0,0.01,OK
Output DFC,Investimentos (capex) | 11,0.0,0.01,OK
Output DFC,Investimentos (capex) | 12,0.0,0.01,OK
Output DFC,Investimentos (capex) | anual,0.0,0.01,OK
Output DFC,Captacao | 1,0.0,0.01,OK
Output DFC,Captacao | 2,0.0,0.01,OK
Output DFC,Captacao | 3,0.0,0.01,OK
Output DFC,Captacao | 4,0.0,0.01,OK
Output DFC,Captacao | 5,0.0,0.01,OK
Output DFC,Captacao | 6,0.0,0.01,OK
Output DFC,Captacao | 7,0.0,0.01,OK
Output DFC,Captacao | 8,0.0,0.01,OK
Output DFC,Captacao | 9,0.0,0.01,OK
Output DFC,Captacao | 10,0.0,0.01,OK
Output DFC,Captacao | 11,0.0,0.01,OK
Output DFC,Captacao | 12,0.0,0.01,OK
Output DFC,Captacao | anual,0.0,0.01,OK
Output DFC,Amortizacao | 1,0.0,0.01,OK
Output DFC,Amortizacao | 2,0.0,0.01,OK
Output DFC,Amortizacao | 3,0.0,0.01,OK
Output DFC,Amortizacao | 4,0.0,0.01,OK
Output DFC,Amortizacao | 5,0.0,0.01,OK
Output DFC,Amortizacao | 6,0.0,0.01,OK
Output DFC,Amortizacao | 7,0.0,0.01,OK
Output DFC,Amortizacao | 8,0.0,0.01,OK
Output DFC,Amortizacao | 9,0.0,0.01,OK
Output DFC,Amortizacao | 10,0.0,0.01,OK
Output DFC,Amortizacao | 11,0.0,0.01,OK
Output DFC,Amortizacao | 12,0.0,0.01,OK
Output DFC,Amortizacao | anual,0.0,0.01,OK
Output DFC,Dividendos | 1,0.0,0.01,OK
Output DFC,Dividendos | 2,0.0,0.01,OK
Output DFC,Dividendos | 3,0.0,0.01,OK
Output DFC,Dividendos | 4,0.0,0.01,OK
Output DFC,Dividendos | 5,0.0,0.01,OK
Output DFC,Dividendos | 6,0.0,0.01,OK
Output DFC,Dividendos | 7,0.0,0.01,OK
Output DFC,Dividendos | 8,0.0,0.01,OK
Output DFC,Dividendos | 9,0.0,0.01,OK
Output DFC,Dividendos | 10,0.0,0.01,OK
Output DFC,Dividendos | 11,0.0,0.01,OK
Output DFC,Dividendos | 12,0.0,0.01,OK
Output DFC,Dividendos | anual,0.0,0.01,OK
Output DFC,Fluxo de financiamento | 1,0.0,0.01,OK
Output DFC,Fluxo de financiamento | 2,0.0,0.01,OK
Output DFC,Fluxo de financiamento | 3,0.0,0.01,OK
Output DFC,Fluxo de financiamento | 4,0.0,0.01,OK
Output DFC,Fluxo de financiamento | 5,0.0,0.01,OK
Output DFC,Fluxo de financiamento | 6,0.0,0.01,OK
Output DFC,Fluxo de financiamento | 7,0.0,0.01,OK
Output DFC,Fluxo de financiamento | 8,0.0,0.01,OK
Output DFC,Fluxo de financiamento | 9,0.0,0.01,OK
Output DFC,Fluxo de financiamento | 10,0.0,0.01,OK
Output DFC,Fluxo de financiamento | 11,0.0,0.01,OK
Output DFC,Fluxo de financiamento | 12,0.0,0.01,OK
Output DFC,Fluxo de financiamento | anual,0.0,0.01,OK
Output DFC,VariacaoCaixa | 1,0.0,0.01,OK
Output DFC,VariacaoCaixa | 2,0.0,0.01,OK
Output DFC,VariacaoCaixa | 3,0.0,0.01,OK
Output DFC,VariacaoCaixa | 4,0.0,0.01,OK
Output DFC,VariacaoCaixa | 5,0.0,0.01,OK
Output DFC,VariacaoCaixa | 6,0.0,0.01,OK
Output DFC,VariacaoCaixa | 7,0.0,0.01,OK
Output DFC,VariacaoCaixa | 8,0.0,0.01,OK
Output DFC,VariacaoCaixa | 9,0.0,0.01,OK
Output DFC,VariacaoCaixa | 10,0.0,0.01,OK
Output DFC,VariacaoCaixa | 11,0.0,0.01,OK
Output DFC,VariacaoCaixa | 12,0.0,0.01,OK
Output DFC,VariacaoCaixa | anual,0.0,0.01,OK
Output DFC,CaixaInicial | 1,0.0,0.01,OK
Output DFC,CaixaInicial | 2,0.0,0.01,OK
Output DFC,CaixaInicial | 3,0.0,0.01,OK
Output DFC,CaixaInicial | 4,0.0,0.01,OK
Output DFC,CaixaInicial | 5,0.0,0.01,OK
Output DFC,CaixaInicial | 6,0.0,0.01,OK
Output DFC,CaixaInicial | 7,0.0,0.01,OK
Output DFC,CaixaInicial | 8,0.0,0.01,OK
Output DFC,CaixaInicial | 9,0.0,0.01,OK
Output DFC,CaixaInicial | 10,0.0,0.01,OK
Output DFC,CaixaInicial | 11,0.0,0.01,OK
Output DFC,CaixaInicial | 12,0.0,0.01,OK
Output DFC,CaixaInicial | anual,0.0,0.01,OK
Output DFC,CaixaFinal | 1,0.0,0.01,OK
Output DFC,CaixaFinal | 2,0.0,0.01,OK
Output DFC,CaixaFinal | 3,0.0,0.01,OK
Output DFC,CaixaFinal | 4,0.0,0.01,OK
Output DFC,CaixaFinal | 5,0.0,0.01,OK
Output DFC,CaixaFinal | 6,0.0,0.01,OK
Output DFC,CaixaFinal | 7,0.0,0.01,OK
Output DFC,CaixaFinal | 8,0.0,0.01,OK
Output DFC,CaixaFinal | 9,0.0,0.01,OK
Output DFC,CaixaFinal | 10,0.0,0.01,OK
Output DFC,CaixaFinal | 11,0.0,0.01,OK
Output DFC,CaixaFinal | 12,0.0,0.01,OK
Output DFC,CaixaFinal | anual,0.0,0.01,OK
Output DFC,CheckDFC | 1,0.0,0.01,OK
Output DFC,CheckDFC | 2,0.0,0.01,OK
Output DFC,CheckDFC | 3,0.0,0.01,OK
Output DFC,CheckDFC | 4,0.0,0.01,OK
Output DFC,CheckDFC | 5,0.0,0.01,OK
Output DFC,CheckDFC | 6,0.0,0.01,OK
Output DFC,CheckDFC | 7,0.0,0.01,OK
Output DFC,CheckDFC | 8,0.0,0.01,OK
Output DFC,CheckDFC | 9,0.0,0.01,OK
Output DFC,CheckDFC | 10,0.0,0.01,OK
Output DFC,CheckDFC | 11,0.0,0.01,OK
Output DFC,CheckDFC | 12,0.0,0.01,OK
Output DFC,CheckDFC | anual,6.220943760126829e-10,0.01,OK
